Ingredient,Flavors
Egg,"['burnt', 'orange', 'rose', 'waxy', 'chemical', 'metal', 'aldehydic']"
Bakery Products,"['burnt', 'orange', 'rose', 'waxy', 'chemical', 'metal', 'aldehydic']"
Bread,"['burnt', 'orange', 'rose', 'waxy', 'chemical', 'metal', 'aldehydic']"
Rye Bread,"['green', 'burnt', 'orange', 'rose', 'waxy', 'chemical', 'metal']"
Wheaten Bread,"['green', 'hazelnut', 'roast', 'roasted', 'powdery', 'potato', 'must']"
White Bread,"['green', 'cocoa', 'hazelnut', 'roast', 'roasted', 'powdery', 'potato']"
Wholewheat Bread,"['green', 'cocoa', 'hazelnut', 'roast', 'roasted', 'powdery', 'potato']"
Barley,"['sweet', 'green', 'fat', 'fatty', 'orange', 'waxy', 'medicine']"
Crispbread,"['sweet', 'green', 'fat', 'fatty', 'orange', 'waxy', 'medicine']"
Malt,"['sweet', 'green', 'fat', 'fatty', 'orange', 'waxy', 'medicine']"
Oats,"['sweet', 'green', 'medicine', 'fat', 'fatty', 'orange', 'waxy']"
Rice,"['sweet', 'green', 'medicine', 'herbal', 'fat', 'fatty', 'orange']"
Corn,"['sweet', 'green', 'medicine', 'herbal', 'fat', 'fatty', 'orange']"
Corn Oil,"['sweet', 'green', 'herbal', 'medicine', 'fat', 'fatty', 'orange']"
Popcorn,"['sweet', 'green', 'herbal', 'medicine', 'fat', 'fatty', 'orange']"
Sweetcorn,"['sweet', 'green', 'fat', 'fatty', 'orange', 'herbal', 'medicine']"
Butter,"['sweet', 'green', 'fat', 'fatty', 'orange', 'herbal', 'medicine']"
Buttermilk,"['sweet', 'green', 'fat', 'fatty', 'orange', 'herbal', 'medicine']"
Cheese,"['sweet', 'green', 'fatty', 'fat', 'orange', 'herbal', 'medicine']"
Blue Cheese,"['sweet', 'green', 'fatty', 'fat', 'orange', 'herbal', 'medicine']"
Camembert Cheese,"['sweet', 'green', 'fatty', 'fat', 'orange', 'herbal', 'medicine']"
Cheddar Cheese,"['sweet', 'green', 'fatty', 'fat', 'orange', 'herbal', 'medicine']"
Comte Cheese,"['sweet', 'green', 'fatty', 'fat', 'orange', 'herbal', 'medicine']"
Cottage Cheese,"['sweet', 'green', 'fatty', 'fat', 'orange', 'herbal', 'medicine']"
Cream Cheese,"['green', 'sweet', 'fatty', 'fat', 'orange', 'herbal', 'medicine']"
Domiati Cheese,"['green', 'sweet', 'fatty', 'fat', 'orange', 'herbal', 'medicine']"
Emmental Cheese,"['green', 'sweet', 'fatty', 'fat', 'orange', 'herbal', 'medicine']"
Feta Cheese,"['green', 'sweet', 'fatty', 'fat', 'orange', 'herbal', 'medicine']"
Goat Cheese,"['green', 'sweet', 'fatty', 'fat', 'orange', 'herbal', 'medicine']"
Gruyere Cheese,"['green', 'sweet', 'fatty', 'fat', 'orange', 'cucumber', 'melon']"
Limburger Cheese,"['green', 'sweet', 'fatty', 'fat', 'cucumber', 'melon', 'orange']"
Mozzarella Cheese,"['green', 'sweet', 'fatty', 'cucumber', 'melon', 'fat', 'orange']"
Munster Cheese,"['green', 'sweet', 'fatty', 'cucumber', 'melon', 'fat', 'orange']"
Other Cheeses,"['green', 'sweet', 'fatty', 'cucumber', 'melon', 'fat', 'pear']"
Parmesan Cheese,"['green', 'sweet', 'fatty', 'cucumber', 'melon', 'pear', 'seaweed']"
Provolone Cheese,"['green', 'fatty', 'sweet', 'cucumber', 'melon', 'pear', 'seaweed']"
Romano Cheese,"['green', 'fatty', 'sweet', 'cucumber', 'melon', 'pear', 'seaweed']"
Roquefort Cheese,"['green', 'fatty', 'sweet', 'cucumber', 'melon', 'pear', 'seaweed']"
Russian Cheese,"['green', 'fatty', 'sweet', 'cucumber', 'melon', 'pear', 'seaweed']"
Sheep Cheese,"['green', 'fatty', 'sweet', 'cucumber', 'melon', 'pear', 'seaweed']"
Swiss Cheese,"['green', 'fatty', 'sweet', 'cucumber', 'melon', 'pear', 'seaweed']"
Tilsit Cheese,"['green', 'fatty', 'sweet', 'cucumber', 'melon', 'pear', 'seaweed']"
Dairy Products,"['green', 'fatty', 'sweet', 'cucumber', 'melon', 'pear', 'seaweed']"
Ghee,"['green', 'fatty', 'sweet', 'cucumber', 'melon', 'pear', 'seaweed']"
Milk,"['green', 'fatty', 'sweet', 'cucumber', 'melon', 'pear', 'seaweed']"
Milk Fat,"['green', 'fatty', 'sweet', 'cucumber', 'melon', 'pear', 'seaweed']"
Goat Milk,"['green', 'fatty', 'sweet', 'cucumber', 'melon', 'pear', 'seaweed']"
Milk Powder,"['green', 'fatty', 'sweet', 'cucumber', 'melon', 'pear', 'seaweed']"
Sheep Milk,"['green', 'fatty', 'sweet', 'cucumber', 'melon', 'pear', 'seaweed']"
Skimmed Milk,"['green', 'fatty', 'sweet', 'cucumber', 'melon', 'pear', 'seaweed']"
Yogurt,"['green', 'fatty', 'sweet', 'cucumber', 'melon', 'pear', 'seaweed']"
Achilleas,"['green', 'fatty', 'sweet', 'cucumber', 'melon', 'pear', 'seaweed']"
Arar,"['green', 'fatty', 'sweet', 'cucumber', 'melon', 'pear', 'seaweed']"
Buchu,"['green', 'fatty', 'sweet', 'cucumber', 'melon', 'pear', 'seaweed']"
Cajeput,"['green', 'fatty', 'sweet', 'cucumber', 'melon', 'pear', 'seaweed']"
Camphor,"['green', 'fatty', 'sweet', 'cucumber', 'melon', 'pear', 'seaweed']"
Cascarilla,"['green', 'fatty', 'sweet', 'cucumber', 'melon', 'pear', 'seaweed']"
Cedar,"['green', 'fatty', 'sweet', 'cucumber', 'melon', 'pear', 'seaweed']"
Chamomile,"['green', 'fatty', 'sweet', 'cucumber', 'melon', 'pear', 'seaweed']"
Citronella,"['green', 'fatty', 'sweet', 'cucumber', 'melon', 'pear', 'seaweed']"
Citrus Peel Oil,"['green', 'fatty', 'sweet', 'cucumber', 'melon', 'pear', 'seaweed']"
Eucalyptus,"['green', 'fatty', 'sweet', 'cucumber', 'melon', 'pear', 'seaweed']"
Fir,"['green', 'fatty', 'sweet', 'cucumber', 'melon', 'pear', 'seaweed']"
Geranium,"['green', 'fatty', 'sweet', 'cucumber', 'melon', 'pear', 'seaweed']"
Grapefruit Peel Oil,"['green', 'fatty', 'sweet', 'cucumber', 'melon', 'pear', 'seaweed']"
Grass,"['green', 'fatty', 'sweet', 'cucumber', 'melon', 'pear', 'seaweed']"
Hops Oil,"['green', 'fatty', 'sweet', 'cucumber', 'melon', 'pear', 'seaweed']"
Hyacinth,"['green', 'fatty', 'sweet', 'cucumber', 'melon', 'pear', 'seaweed']"
Hyssop Oil,"['green', 'fatty', 'sweet', 'cucumber', 'melon', 'pear', 'seaweed']"
Lemon Grass,"['green', 'fatty', 'sweet', 'cucumber', 'melon', 'pear', 'seaweed']"
Lemon Peel Oil,"['green', 'fatty', 'sweet', 'cucumber', 'melon', 'pear', 'seaweed']"
Lime Peel Oil,"['green', 'fatty', 'sweet', 'cucumber', 'melon', 'pear', 'seaweed']"
Lovage,"['green', 'fatty', 'sweet', 'cucumber', 'melon', 'pear', 'seaweed']"
Mandarin Orange Peel Oil,"['green', 'fatty', 'sweet', 'cucumber', 'melon', 'pear', 'seaweed']"
Mastic Gum,"['green', 'fatty', 'sweet', 'cucumber', 'melon', 'pear', 'seaweed']"
Mentha Oil,"['green', 'fatty', 'sweet', 'cucumber', 'melon', 'pear', 'seaweed']"
Myrrh,"['green', 'fatty', 'sweet', 'cucumber', 'melon', 'pear', 'seaweed']"
Neroli Oil,"['green', 'sweet', 'fatty', 'cucumber', 'melon', 'pear', 'seaweed']"
Orange Oil,"['green', 'sweet', 'fatty', 'cucumber', 'melon', 'pear', 'seaweed']"
Orris,"['green', 'sweet', 'fatty', 'cucumber', 'melon', 'pear', 'seaweed']"
Clary Sage,"['green', 'fatty', 'sweet', 'cucumber', 'melon', 'pear', 'seaweed']"
Red Sage,"['green', 'fatty', 'sweet', 'cucumber', 'melon', 'pear', 'seaweed']"
Spanish Sage,"['green', 'sweet', 'fatty', 'cucumber', 'melon', 'pear', 'seaweed']"
Sandalwood,"['green', 'sweet', 'fatty', 'cucumber', 'melon', 'pear', 'seaweed']"
Sea Buckthorns,"['green', 'sweet', 'fatty', 'cucumber', 'melon', 'woody', 'pear']"
Sweet Grass,"['green', 'sweet', 'fatty', 'cucumber', 'melon', 'woody', 'pear']"
Valerian,"['green', 'sweet', 'fatty', 'cucumber', 'melon', 'woody', 'pear']"
Wattle,"['green', 'sweet', 'fatty', 'cucumber', 'melon', 'woody', 'pear']"
Yarrow,"['green', 'sweet', 'fatty', 'cucumber', 'melon', 'woody', 'pear']"
Ylang-Ylang,"['green', 'sweet', 'fatty', 'cucumber', 'melon', 'woody', 'pear']"
Clam,"['green', 'sweet', 'fatty', 'cucumber', 'melon', 'woody', 'pear']"
Crab,"['green', 'sweet', 'fatty', 'cucumber', 'melon', 'woody', 'pear']"
Crayfish,"['green', 'sweet', 'fatty', 'cucumber', 'melon', 'woody', 'pear']"
Kelp,"['green', 'sweet', 'fatty', 'woody', 'cucumber', 'melon', 'herbal']"
Krill,"['green', 'sweet', 'fatty', 'woody', 'cucumber', 'melon', 'herbal']"
Lobster,"['green', 'sweet', 'fatty', 'woody', 'cucumber', 'melon', 'herbal']"
Mollusc,"['green', 'sweet', 'fatty', 'woody', 'cucumber', 'melon', 'herbal']"
Oyster,"['green', 'sweet', 'fatty', 'woody', 'cucumber', 'melon', 'herbal']"
Prawn,"['green', 'sweet', 'fatty', 'woody', 'cucumber', 'melon', 'herbal']"
Scallop,"['green', 'sweet', 'fatty', 'woody', 'cucumber', 'melon', 'herbal']"
Shellfish,"['green', 'sweet', 'fatty', 'woody', 'cucumber', 'melon', 'herbal']"
Shrimp,"['green', 'sweet', 'fatty', 'woody', 'cucumber', 'melon', 'herbal']"
Trassi,"['green', 'sweet', 'fatty', 'woody', 'cucumber', 'melon', 'herbal']"
Squid,"['green', 'sweet', 'fatty', 'woody', 'cucumber', 'melon', 'herbal']"
Bonito,"['green', 'sweet', 'fatty', 'woody', 'cucumber', 'melon', 'herbal']"
Caviar,"['green', 'sweet', 'fatty', 'cucumber', 'melon', 'woody', 'fat']"
Codfish,"['green', 'sweet', 'fatty', 'cucumber', 'melon', 'woody', 'fat']"
Fish,"['green', 'sweet', 'fatty', 'cucumber', 'melon', 'woody', 'fat']"
Fatty Fish,"['green', 'sweet', 'fatty', 'cucumber', 'melon', 'woody', 'fat']"
Lean Fish,"['green', 'sweet', 'fatty', 'cucumber', 'melon', 'woody', 'fat']"
Fish Oil,"['green', 'sweet', 'fatty', 'cucumber', 'melon', 'woody', 'fat']"
Smoked Fish,"['green', 'sweet', 'fatty', 'cucumber', 'melon', 'woody', 'fat']"
Salmon,"['green', 'sweet', 'fatty', 'cucumber', 'melon', 'woody', 'fat']"
Artichoke,"['green', 'sweet', 'fatty', 'cucumber', 'melon', 'woody', 'fat']"
Champaca,"['green', 'sweet', 'fatty', 'cucumber', 'melon', 'woody', 'fat']"
Jasmine,"['green', 'sweet', 'fatty', 'cucumber', 'melon', 'woody', 'fat']"
Lavendar,"['green', 'sweet', 'fatty', 'cucumber', 'melon', 'woody', 'fat']"
Rose,"['green', 'sweet', 'fatty', 'cucumber', 'melon', 'woody', 'fat']"
Apple,"['green', 'sweet', 'fatty', 'cucumber', 'melon', 'woody', 'herbal']"
Apple Sauce,"['green', 'sweet', 'fatty', 'cucumber', 'melon', 'woody', 'herbal']"
Apricot,"['green', 'sweet', 'fatty', 'woody', 'cucumber', 'melon', 'herbal']"
Avocado,"['green', 'sweet', 'fatty', 'woody', 'cucumber', 'melon', 'herbal']"
Babaco,"['green', 'sweet', 'fatty', 'woody', 'cucumber', 'melon', 'herbal']"
Banana,"['green', 'sweet', 'fatty', 'woody', 'cucumber', 'melon', 'herbal']"
Beli,"['green', 'sweet', 'fatty', 'woody', 'cucumber', 'melon', 'herbal']"
Byrsonima crassifolia,"['green', 'sweet', 'fatty', 'woody', 'cucumber', 'melon', 'herbal']"
Cashew Apple,"['green', 'sweet', 'fatty', 'woody', 'cucumber', 'melon', 'herbal']"
Cherimoya,"['green', 'sweet', 'fatty', 'woody', 'cucumber', 'melon', 'herbal']"
Coconut,"['green', 'sweet', 'fatty', 'woody', 'cucumber', 'melon', 'herbal']"
Currant,"['green', 'sweet', 'fatty', 'woody', 'herbal', 'cucumber', 'melon']"
Black Currant,"['green', 'sweet', 'fatty', 'woody', 'herbal', 'cucumber', 'melon']"
Red Currant,"['green', 'sweet', 'fatty', 'woody', 'herbal', 'cucumber', 'melon']"
White Currant,"['green', 'sweet', 'fatty', 'woody', 'herbal', 'cucumber', 'melon']"
Dates,"['green', 'sweet', 'fatty', 'woody', 'herbal', 'cucumber', 'melon']"
Durian,"['green', 'sweet', 'fatty', 'woody', 'herbal', 'cucumber', 'melon']"
Elderberry,"['green', 'sweet', 'fatty', 'woody', 'herbal', 'cucumber', 'melon']"
Feijoa,"['green', 'sweet', 'fatty', 'woody', 'herbal', 'cucumber', 'melon']"
Fig,"['green', 'sweet', 'fatty', 'woody', 'herbal', 'cucumber', 'melon']"
Grape,"['green', 'sweet', 'fatty', 'woody', 'herbal', 'cucumber', 'melon']"
Guava,"['green', 'sweet', 'fatty', 'woody', 'herbal', 'cucumber', 'melon']"
Hogplum,"['green', 'sweet', 'fatty', 'woody', 'herbal', 'cucumber', 'melon']"
Jackfruit,"['green', 'sweet', 'fatty', 'woody', 'herbal', 'cucumber', 'melon']"
Kiwifruit,"['green', 'sweet', 'fatty', 'woody', 'herbal', 'cucumber', 'melon']"
Litchi,"['green', 'sweet', 'fatty', 'woody', 'herbal', 'cucumber', 'melon']"
Loquat,"['green', 'sweet', 'fatty', 'woody', 'herbal', 'medicine', 'cucumber']"
Malay Apple,"['green', 'sweet', 'fatty', 'woody', 'herbal', 'medicine', 'cucumber']"
Mango,"['green', 'sweet', 'fatty', 'woody', 'herbal', 'medicine', 'cucumber']"
Melon,"['green', 'sweet', 'fatty', 'woody', 'herbal', 'medicine', 'cucumber']"
Musk Melon,"['green', 'sweet', 'fatty', 'woody', 'herbal', 'medicine', 'cucumber']"
Naranjilla,"['green', 'sweet', 'fatty', 'woody', 'herbal', 'medicine', 'cucumber']"
Orange,"['green', 'sweet', 'fatty', 'woody', 'herbal', 'medicine', 'cucumber']"
Bitter Orange,"['green', 'sweet', 'fatty', 'woody', 'herbal', 'medicine', 'cucumber']"
Papaya,"['green', 'sweet', 'woody', 'fatty', 'herbal', 'medicine', 'cucumber']"
Mountain Papaya,"['green', 'sweet', 'woody', 'fatty', 'herbal', 'medicine', 'cucumber']"
Passionfruit,"['green', 'sweet', 'woody', 'fatty', 'herbal', 'medicine', 'cucumber']"
Yellow Passionfruit,"['green', 'sweet', 'woody', 'fatty', 'herbal', 'medicine', 'cucumber']"
Pawpaw,"['green', 'sweet', 'woody', 'fatty', 'herbal', 'medicine', 'cucumber']"
Peach,"['green', 'sweet', 'woody', 'fatty', 'herbal', 'medicine', 'cucumber']"
Pear,"['green', 'sweet', 'woody', 'fatty', 'herbal', 'medicine', 'cucumber']"
Bartlett Pear,"['green', 'sweet', 'woody', 'fatty', 'herbal', 'medicine', 'cucumber']"
Prickly Pear,"['green', 'sweet', 'woody', 'fatty', 'herbal', 'medicine', 'dry']"
Pepino,"['green', 'sweet', 'woody', 'fatty', 'herbal', 'medicine', 'dry']"
Pineapple,"['green', 'sweet', 'woody', 'fatty', 'herbal', 'medicine', 'floral']"
Plum,"['green', 'woody', 'sweet', 'fatty', 'herbal', 'medicine', 'dry']"
Plumcot,"['green', 'woody', 'sweet', 'fatty', 'herbal', 'medicine', 'dry']"
Pumpkin,"['green', 'woody', 'sweet', 'fatty', 'herbal', 'medicine', 'dry']"
Quince,"['green', 'woody', 'sweet', 'fatty', 'herbal', 'medicine', 'dry']"
Chinese Quince,"['green', 'woody', 'sweet', 'fatty', 'herbal', 'medicine', 'dry']"
Raisin,"['green', 'woody', 'sweet', 'fatty', 'herbal', 'medicine', 'dry']"
Roseapple,"['green', 'woody', 'sweet', 'fatty', 'herbal', 'medicine', 'dry']"
Sapodilla,"['green', 'woody', 'sweet', 'fatty', 'herbal', 'medicine', 'dry']"
Soursop,"['green', 'woody', 'sweet', 'fatty', 'herbal', 'medicine', 'dry']"
Spineless Monkey Orange,"['green', 'woody', 'sweet', 'fatty', 'herbal', 'medicine', 'dry']"
Starfruit,"['green', 'woody', 'sweet', 'fatty', 'herbal', 'medicine', 'dry']"
Tamarind,"['green', 'woody', 'sweet', 'fatty', 'herbal', 'medicine', 'dry']"
Woodapple,"['green', 'woody', 'sweet', 'fatty', 'herbal', 'medicine', 'dry']"
Berry,"['green', 'woody', 'sweet', 'herbal', 'fatty', 'medicine', 'dry']"
Bilberry,"['green', 'woody', 'sweet', 'herbal', 'fatty', 'medicine', 'dry']"
Blackberry,"['green', 'woody', 'sweet', 'herbal', 'fatty', 'medicine', 'dry']"
Blueberry,"['green', 'woody', 'sweet', 'herbal', 'fatty', 'medicine', 'dry']"
Cherry,"['green', 'woody', 'sweet', 'herbal', 'fatty', 'medicine', 'dry']"
Bitter Cherry,"['green', 'woody', 'sweet', 'herbal', 'fatty', 'medicine', 'dry']"
Sour Cherry,"['green', 'woody', 'sweet', 'herbal', 'fatty', 'medicine', 'dry']"
Wild Cherry,"['green', 'woody', 'sweet', 'herbal', 'fatty', 'medicine', 'dry']"
Cloudberry,"['green', 'woody', 'sweet', 'herbal', 'fatty', 'medicine', 'dry']"
Cranberry,"['green', 'woody', 'sweet', 'herbal', 'fatty', 'medicine', 'dry']"
Gooseberry,"['green', 'woody', 'herbal', 'sweet', 'fatty', 'medicine', 'dry']"
Lingonberry,"['green', 'woody', 'herbal', 'sweet', 'fatty', 'medicine', 'dry']"
Loganberry,"['green', 'woody', 'herbal', 'sweet', 'fatty', 'medicine', 'dry']"
Raspberry,"['green', 'woody', 'herbal', 'sweet', 'fatty', 'medicine', 'dry']"
Strawberry,"['green', 'woody', 'herbal', 'sweet', 'fatty', 'medicine', 'dry']"
Strawberry Jam,"['green', 'woody', 'herbal', 'sweet', 'fatty', 'medicine', 'dry']"
Bergamot,"['green', 'woody', 'herbal', 'sweet', 'fatty', 'medicine', 'dry']"
Citrus Fruits,"['green', 'woody', 'herbal', 'sweet', 'fatty', 'medicine', 'dry']"
Grapefruit,"['green', 'woody', 'herbal', 'sweet', 'fatty', 'medicine', 'dry']"
Kumquat,"['green', 'woody', 'herbal', 'sweet', 'fatty', 'medicine', 'dry']"
Lemon,"['green', 'woody', 'herbal', 'sweet', 'fatty', 'medicine', 'dry']"
Lime,"['green', 'woody', 'herbal', 'sweet', 'fatty', 'medicine', 'dry']"
Mandarin Orange,"['green', 'woody', 'herbal', 'sweet', 'fatty', 'medicine', 'dry']"
Satsuma Orange,"['green', 'woody', 'herbal', 'sweet', 'fatty', 'medicine', 'dry']"
Tangerine,"['green', 'woody', 'herbal', 'sweet', 'fatty', 'medicine', 'dry']"
Vanilla,"['green', 'woody', 'herbal', 'sweet', 'fatty', 'medicine', 'dry']"
Mushroom,"['green', 'woody', 'herbal', 'sweet', 'medicine', 'fatty', 'dry']"
Truffle,"['green', 'woody', 'herbal', 'sweet', 'medicine', 'fatty', 'dry']"
Angelica,"['green', 'woody', 'herbal', 'sweet', 'medicine', 'fatty', 'dry']"
Artemisia,"['green', 'woody', 'herbal', 'sweet', 'medicine', 'fatty', 'dry']"
Basil,"['green', 'woody', 'herbal', 'sweet', 'medicine', 'fatty', 'dry']"
Buckwheat,"['green', 'woody', 'herbal', 'sweet', 'medicine', 'fatty', 'dry']"
Calamus,"['green', 'woody', 'herbal', 'sweet', 'medicine', 'fatty', 'dry']"
Chervil,"['woody', 'green', 'herbal', 'sweet', 'medicine', 'fatty', 'dry']"
Coriander,"['woody', 'green', 'herbal', 'sweet', 'medicine', 'fatty', 'dry']"
Cornmint,"['woody', 'green', 'herbal', 'sweet', 'medicine', 'fatty', 'dry']"
Dill,"['woody', 'green', 'herbal', 'sweet', 'medicine', 'fatty', 'dry']"
Fennel,"['woody', 'green', 'herbal', 'sweet', 'medicine', 'fatty', 'dry']"
Fenugreek,"['woody', 'green', 'herbal', 'sweet', 'medicine', 'fatty', 'dry']"
Garlic,"['woody', 'green', 'herbal', 'sweet', 'medicine', 'fatty', 'dry']"
Lemon Balm,"['woody', 'green', 'herbal', 'sweet', 'medicine', 'fatty', 'dry']"
Liqourice,"['woody', 'green', 'herbal', 'sweet', 'medicine', 'fatty', 'dry']"
Mint,"['woody', 'green', 'herbal', 'sweet', 'medicine', 'fatty', 'dry']"
Rhubarb,"['woody', 'green', 'herbal', 'sweet', 'medicine', 'fatty', 'dry']"
Rosemary,"['woody', 'green', 'herbal', 'sweet', 'medicine', 'fatty', 'dry']"
Sage,"['woody', 'green', 'herbal', 'sweet', 'medicine', 'fatty', 'dry']"
Spearmint,"['woody', 'green', 'herbal', 'sweet', 'medicine', 'fatty', 'dry']"
Scotch Spearmint,"['woody', 'green', 'herbal', 'sweet', 'medicine', 'fatty', 'dry']"
Tarragon,"['woody', 'green', 'herbal', 'sweet', 'medicine', 'fatty', 'dry']"
Thyme,"['woody', 'green', 'herbal', 'sweet', 'medicine', 'fatty', 'dry']"
Beef,"['woody', 'green', 'herbal', 'sweet', 'medicine', 'fatty', 'dry']"
Beef Processed,"['woody', 'green', 'herbal', 'sweet', 'medicine', 'fatty', 'dry']"
Chicken,"['woody', 'green', 'herbal', 'sweet', 'medicine', 'fatty', 'dry']"
Frankfurter Sausage,"['woody', 'green', 'herbal', 'sweet', 'medicine', 'fatty', 'dry']"
Ham,"['woody', 'green', 'herbal', 'sweet', 'medicine', 'fatty', 'dry']"
Lamb,"['woody', 'green', 'herbal', 'sweet', 'medicine', 'fatty', 'dry']"
Meat,"['woody', 'green', 'herbal', 'sweet', 'medicine', 'fatty', 'dry']"
Mutton,"['woody', 'green', 'herbal', 'sweet', 'medicine', 'fatty', 'dry']"
Pork,"['woody', 'green', 'herbal', 'sweet', 'medicine', 'fatty', 'dry']"
Sukiyaki,"['woody', 'green', 'herbal', 'sweet', 'medicine', 'fatty', 'dry']"
Turkey,"['woody', 'green', 'herbal', 'sweet', 'medicine', 'fatty', 'dry']"
Almond,"['woody', 'green', 'herbal', 'sweet', 'medicine', 'fatty', 'dry']"
Brazil Nut,"['woody', 'green', 'herbal', 'sweet', 'medicine', 'fatty', 'dry']"
Cocoa,"['woody', 'green', 'herbal', 'sweet', 'medicine', 'fatty', 'dry']"
Beans,"['woody', 'green', 'herbal', 'sweet', 'medicine', 'fatty', 'dry']"
Lima Beans,"['woody', 'green', 'herbal', 'sweet', 'medicine', 'fatty', 'dry']"
Kidney Beans,"['woody', 'green', 'herbal', 'sweet', 'medicine', 'fatty', 'dry']"
Peanut,"['woody', 'green', 'herbal', 'sweet', 'medicine', 'fatty', 'dry']"
Peas,"['woody', 'green', 'herbal', 'sweet', 'medicine', 'fatty', 'dry']"
Soybean,"['woody', 'green', 'herbal', 'sweet', 'medicine', 'dry', 'fatty']"
Soybean Oil,"['woody', 'green', 'herbal', 'sweet', 'medicine', 'fatty', 'dry']"
Soybean Sauce,"['woody', 'green', 'herbal', 'sweet', 'medicine', 'fatty', 'dry']"
Filbert,"['woody', 'green', 'herbal', 'sweet', 'medicine', 'fatty', 'dry']"
Hazelnut,"['woody', 'green', 'herbal', 'medicine', 'sweet', 'fatty', 'dry']"
Macadamia Nut,"['woody', 'green', 'herbal', 'medicine', 'sweet', 'dry', 'fatty']"
Nuts,"['woody', 'green', 'herbal', 'medicine', 'sweet', 'dry', 'fatty']"
Pecans,"['woody', 'green', 'herbal', 'medicine', 'sweet', 'dry', 'thyme']"
Walnut,"['woody', 'green', 'herbal', 'medicine', 'sweet', 'dry', 'thyme']"
Muskmallow,"['woody', 'green', 'herbal', 'medicine', 'sweet', 'dry', 'thyme']"
Sesame,"['woody', 'green', 'herbal', 'medicine', 'sweet', 'dry', 'thyme']"
Allium,"['woody', 'green', 'herbal', 'medicine', 'sweet', 'dry', 'thyme']"
Alpinia,"['woody', 'green', 'herbal', 'medicine', 'sweet', 'dry', 'thyme']"
Ceriman,"['woody', 'green', 'herbal', 'medicine', 'sweet', 'dry', 'thyme']"
Chicory,"['woody', 'green', 'herbal', 'medicine', 'sweet', 'dry', 'thyme']"
Hops,"['woody', 'green', 'herbal', 'medicine', 'sweet', 'dry', 'thyme']"
Laurel,"['woody', 'green', 'herbal', 'medicine', 'sweet', 'dry', 'thyme']"
Myrtle,"['woody', 'green', 'herbal', 'medicine', 'sweet', 'dry', 'thyme']"
Olive,"['woody', 'green', 'herbal', 'medicine', 'sweet', 'dry', 'thyme']"
Pine,"['woody', 'green', 'herbal', 'medicine', 'sweet', 'dry', 'thyme']"
Sassafras,"['woody', 'green', 'herbal', 'medicine', 'sweet', 'dry', 'thyme']"
Tea,"['woody', 'green', 'herbal', 'medicine', 'sweet', 'dry', 'thyme']"
Fermented Tea,"['woody', 'green', 'herbal', 'medicine', 'sweet', 'dry', 'thyme']"
Tobacco,"['woody', 'green', 'herbal', 'medicine', 'sweet', 'dry', 'thyme']"
Watercress,"['woody', 'green', 'herbal', 'medicine', 'sweet', 'dry', 'thyme']"
Creosote,"['woody', 'green', 'herbal', 'medicine', 'sweet', 'dry', 'thyme']"
Honey,"['woody', 'green', 'herbal', 'medicine', 'sweet', 'dry', 'thyme']"
Macaroni,"['woody', 'green', 'herbal', 'medicine', 'sweet', 'dry', 'thyme']"
Mustard Oil,"['woody', 'green', 'herbal', 'medicine', 'sweet', 'dry', 'thyme']"
Peanut Butter,"['woody', 'green', 'herbal', 'medicine', 'sweet', 'dry', 'thyme']"
Peanut Oil,"['woody', 'green', 'herbal', 'medicine', 'sweet', 'dry', 'thyme']"
Rye,"['woody', 'green', 'herbal', 'medicine', 'sweet', 'dry', 'thyme']"
Storax,"['woody', 'green', 'herbal', 'medicine', 'sweet', 'dry', 'thyme']"
Vinegar,"['woody', 'green', 'herbal', 'medicine', 'sweet', 'dry', 'thyme']"
Anise,"['woody', 'green', 'herbal', 'medicine', 'sweet', 'dry', 'thyme']"
Anise Hyssop,"['woody', 'green', 'herbal', 'medicine', 'sweet', 'dry', 'thyme']"
Star Anise,"['woody', 'green', 'herbal', 'medicine', 'sweet', 'dry', 'thyme']"
Caraway,"['woody', 'green', 'herbal', 'medicine', 'sweet', 'dry', 'thyme']"
Cardamom,"['woody', 'green', 'herbal', 'medicine', 'sweet', 'dry', 'thyme']"
Cassia,"['woody', 'green', 'herbal', 'medicine', 'sweet', 'dry', 'thyme']"
Celery,"['woody', 'green', 'herbal', 'medicine', 'sweet', 'dry', 'thyme']"
Cinnamon,"['woody', 'green', 'herbal', 'medicine', 'sweet', 'dry', 'thyme']"
Clove,"['woody', 'green', 'herbal', 'medicine', 'sweet', 'dry', 'thyme']"
Cumin,"['woody', 'green', 'herbal', 'medicine', 'sweet', 'dry', 'thyme']"
Ginger,"['woody', 'green', 'herbal', 'medicine', 'sweet', 'dry', 'thyme']"
Mace,"['woody', 'green', 'herbal', 'medicine', 'sweet', 'dry', 'thyme']"
Marjoram,"['woody', 'green', 'herbal', 'sweet', 'medicine', 'dry', 'thyme']"
Nutmeg,"['woody', 'green', 'herbal', 'sweet', 'medicine', 'dry', 'thyme']"
Oregano,"['woody', 'green', 'herbal', 'sweet', 'medicine', 'dry', 'thyme']"
Parsley,"['woody', 'green', 'herbal', 'sweet', 'medicine', 'dry', 'thyme']"
Pepper,"['woody', 'green', 'herbal', 'sweet', 'medicine', 'dry', 'thyme']"
Saffron,"['woody', 'green', 'herbal', 'medicine', 'sweet', 'dry', 'thyme']"
Turmeric,"['woody', 'green', 'herbal', 'medicine', 'sweet', 'dry', 'thyme']"
Green Beans,"['woody', 'green', 'herbal', 'medicine', 'sweet', 'dry', 'thyme']"
Chive,"['woody', 'green', 'herbal', 'medicine', 'sweet', 'dry', 'thyme']"
Endive,"['woody', 'green', 'herbal', 'medicine', 'sweet', 'dry', 'thyme']"
Leek,"['woody', 'green', 'herbal', 'medicine', 'sweet', 'dry', 'thyme']"
Lettuce,"['woody', 'green', 'herbal', 'medicine', 'sweet', 'dry', 'thyme']"
Okra,"['woody', 'green', 'herbal', 'medicine', 'sweet', 'dry', 'thyme']"
Onion,"['woody', 'green', 'herbal', 'medicine', 'sweet', 'dry', 'thyme']"
Shallot,"['woody', 'green', 'herbal', 'medicine', 'dry', 'sweet', 'thyme']"
Peppermint,"['woody', 'green', 'herbal', 'medicine', 'dry', 'sweet', 'thyme']"
Broccoli,"['woody', 'green', 'herbal', 'medicine', 'dry', 'sweet', 'thyme']"
Brussels Sprout,"['woody', 'herbal', 'green', 'medicine', 'dry', 'thyme', 'wood']"
Cabbage,"['woody', 'herbal', 'green', 'medicine', 'dry', 'thyme', 'wood']"
Cauliflower,"['woody', 'herbal', 'green', 'medicine', 'dry', 'thyme', 'wood']"
Horseradish,"['woody', 'herbal', 'green', 'medicine', 'dry', 'thyme', 'wood']"
Mustard,"['woody', 'herbal', 'green', 'medicine', 'dry', 'thyme', 'wood']"
Radish,"['woody', 'herbal', 'green', 'medicine', 'dry', 'thyme', 'wood']"
Turnip,"['woody', 'herbal', 'green', 'medicine', 'dry', 'thyme', 'wood']"
Kohlrabi,"['woody', 'herbal', 'green', 'medicine', 'dry', 'thyme', 'wood']"
Rutabaga,"['woody', 'herbal', 'green', 'medicine', 'dry', 'thyme', 'wood']"
Wasabi,"['woody', 'herbal', 'green', 'medicine', 'dry', 'thyme', 'wood']"
Capsicum,"['woody', 'herbal', 'green', 'medicine', 'dry', 'thyme', 'wood']"
Cherry Pepper,"['woody', 'herbal', 'green', 'medicine', 'dry', 'thyme', 'wood']"
Tomato,"['woody', 'herbal', 'green', 'medicine', 'dry', 'thyme', 'wood']"
Chayote,"['woody', 'herbal', 'green', 'medicine', 'dry', 'thyme', 'wood']"
Cucumber,"['woody', 'herbal', 'green', 'medicine', 'dry', 'thyme', 'wood']"
Beetroot,"['woody', 'herbal', 'green', 'medicine', 'dry', 'thyme', 'wood']"
Carrot,"['woody', 'herbal', 'green', 'medicine', 'dry', 'thyme', 'wood']"
Parsnip,"['woody', 'herbal', 'green', 'medicine', 'dry', 'thyme', 'wood']"
Sweet Potato,"['woody', 'herbal', 'green', 'medicine', 'dry', 'thyme', 'wood']"
Asparagus,"['woody', 'herbal', 'green', 'medicine', 'dry', 'thyme', 'wood']"
Cassava,"['woody', 'herbal', 'green', 'medicine', 'dry', 'thyme', 'wood']"
Potato,"['woody', 'herbal', 'medicine', 'green', 'dry', 'thyme', 'wood']"
Fried Potato,"['woody', 'herbal', 'green', 'medicine', 'dry', 'thyme', 'wood']"
Allspice,"['woody', 'herbal', 'green', 'medicine', 'dry', 'thyme', 'wood']"
Asafoetida,"['woody', 'herbal', 'medicine', 'green', 'dry', 'thyme', 'wood']"
Ashgourd,"['woody', 'herbal', 'medicine', 'green', 'dry', 'thyme', 'wood']"
Bittergourd,"['woody', 'herbal', 'medicine', 'green', 'dry', 'thyme', 'wood']"
Bottlegourd,"['woody', 'herbal', 'medicine', 'green', 'dry', 'thyme', 'wood']"
Canola Oil,"['woody', 'herbal', 'medicine', 'green', 'dry', 'thyme', 'wood']"
Carom Seed,"['woody', 'herbal', 'medicine', 'green', 'dry', 'thyme', 'wood']"
Chard,"['woody', 'herbal', 'medicine', 'green', 'dry', 'thyme', 'wood']"
Apple Cider Vinegar,"['woody', 'herbal', 'medicine', 'green', 'dry', 'thyme', 'wood']"
Colocasia,"['woody', 'herbal', 'medicine', 'green', 'dry', 'thyme', 'wood']"
Curry Leaf,"['woody', 'herbal', 'medicine', 'green', 'dry', 'thyme', 'wood']"
Drumstick Leaf,"['woody', 'herbal', 'medicine', 'green', 'dry', 'thyme', 'wood']"
Eggplant,"['woody', 'herbal', 'medicine', 'green', 'dry', 'thyme', 'wood']"
Flaxseed,"['woody', 'herbal', 'medicine', 'green', 'dry', 'thyme', 'wood']"
Jalapeno,"['woody', 'herbal', 'medicine', 'green', 'dry', 'thyme', 'wood']"
Kenaf,"['woody', 'herbal', 'medicine', 'green', 'dry', 'thyme', 'wood']"
Lotus,"['woody', 'herbal', 'medicine', 'green', 'dry', 'thyme', 'wood']"
Nigella Seed,"['woody', 'herbal', 'medicine', 'green', 'dry', 'thyme', 'wood']"
Kewda,"['woody', 'herbal', 'medicine', 'green', 'dry', 'thyme', 'wood']"
Pomegranate,"['woody', 'herbal', 'medicine', 'green', 'dry', 'thyme', 'wood']"
Poppy Seed,"['woody', 'herbal', 'medicine', 'dry', 'green', 'thyme', 'wood']"
Spinach,"['woody', 'herbal', 'medicine', 'dry', 'green', 'thyme', 'wood']"
Turkey Berry,"['woody', 'herbal', 'medicine', 'dry', 'green', 'thyme', 'wood']"
Water Chestnut,"['woody', 'herbal', 'medicine', 'dry', 'thyme', 'wood', 'green']"
White Pepper,"['woody', 'herbal', 'medicine', 'dry', 'thyme', 'wood', 'green']"
Garcinia Indica,"['woody', 'herbal', 'medicine', 'dry', 'thyme', 'wood', 'green']"
Cluster Bean,"['woody', 'herbal', 'medicine', 'dry', 'green', 'thyme', 'wood']"
Paneer,"['woody', 'herbal', 'medicine', 'dry', 'green', 'thyme', 'wood']"
Pigeon Pea,"['woody', 'herbal', 'medicine', 'dry', 'thyme', 'wood', 'green']"
Basmati Rice,"['woody', 'herbal', 'medicine', 'dry', 'green', 'thyme', 'wood']"
Ricotta Cheese,"['woody', 'herbal', 'medicine', 'dry', 'thyme', 'wood', 'green']"
Silver linden,"['woody', 'herbal', 'medicine', 'dry', 'thyme', 'wood', 'green']"
redskin onion,"['woody', 'herbal', 'medicine', 'dry', 'thyme', 'wood', 'green']"
Lemon verbena,"['woody', 'herbal', 'medicine', 'dry', 'thyme', 'wood', 'green']"
Cashew nut,"['woody', 'herbal', 'medicine', 'dry', 'thyme', 'wood', 'green']"
Burdock,"['woody', 'herbal', 'medicine', 'dry', 'thyme', 'wood', 'green']"
Borage,"['woody', 'herbal', 'medicine', 'dry', 'thyme', 'wood', 'green']"
Capers,"['woody', 'herbal', 'medicine', 'dry', 'thyme', 'wood', 'green']"
Safflower,"['woody', 'herbal', 'medicine', 'dry', 'thyme', 'wood', 'green']"
Chestnut,"['woody', 'herbal', 'medicine', 'dry', 'thyme', 'wood', 'green']"
Chickpea,"['woody', 'herbal', 'medicine', 'dry', 'thyme', 'wood', 'green']"
Pummelo,"['woody', 'herbal', 'medicine', 'dry', 'thyme', 'wood', 'green']"
Arabica coffee,"['woody', 'herbal', 'medicine', 'dry', 'thyme', 'wood', 'green']"
Japanese persimmon,"['woody', 'herbal', 'medicine', 'dry', 'thyme', 'wood', 'green']"
Black crowberry,"['woody', 'herbal', 'medicine', 'dry', 'thyme', 'wood', 'green']"
Rocket salad,"['woody', 'herbal', 'medicine', 'dry', 'thyme', 'wood', 'green']"
Tartary buckwheat,"['woody', 'herbal', 'medicine', 'dry', 'thyme', 'wood', 'green']"
Black huckleberry,"['woody', 'herbal', 'medicine', 'dry', 'thyme', 'wood', 'green']"
Sunflower,"['woody', 'herbal', 'medicine', 'dry', 'thyme', 'wood', 'green']"
Swamp cabbage,"['woody', 'herbal', 'medicine', 'dry', 'thyme', 'wood', 'green']"
Grass pea,"['woody', 'herbal', 'medicine', 'dry', 'thyme', 'wood', 'green']"
Lentils,"['woody', 'herbal', 'medicine', 'dry', 'thyme', 'wood', 'green']"
Garden cress,"['woody', 'herbal', 'medicine', 'dry', 'thyme', 'wood', 'green']"
Mexican oregano,"['woody', 'herbal', 'medicine', 'dry', 'thyme', 'wood', 'green']"
Lupine,"['woody', 'herbal', 'medicine', 'dry', 'thyme', 'wood', 'green']"
Medlar,"['woody', 'herbal', 'medicine', 'dry', 'thyme', 'wood', 'green']"
Mulberry,"['woody', 'herbal', 'medicine', 'dry', 'thyme', 'wood', 'green']"
Black mulberry,"['woody', 'herbal', 'medicine', 'dry', 'thyme', 'wood', 'green']"
Evening primrose,"['woody', 'herbal', 'medicine', 'dry', 'thyme', 'wood', 'green']"
Millet,"['woody', 'herbal', 'medicine', 'dry', 'thyme', 'wood', 'green']"
Scarlet bean,"['woody', 'herbal', 'medicine', 'dry', 'thyme', 'wood', 'green']"
Pistachio,"['woody', 'herbal', 'medicine', 'dry', 'thyme', 'wood', 'green']"
Purslane,"['woody', 'herbal', 'medicine', 'dry', 'thyme', 'wood', 'green']"
Red raspberry,"['woody', 'herbal', 'medicine', 'dry', 'thyme', 'wood', 'green']"
Black raspberry,"['woody', 'herbal', 'medicine', 'dry', 'thyme', 'wood', 'green']"
Sorrel,"['woody', 'herbal', 'medicine', 'dry', 'thyme', 'wood', 'green']"
Summer savory,"['woody', 'herbal', 'medicine', 'dry', 'thyme', 'wood', 'green']"
Winter savory,"['woody', 'herbal', 'medicine', 'dry', 'thyme', 'wood', 'green']"
Cherry tomato,"['woody', 'herbal', 'medicine', 'dry', 'thyme', 'wood', 'green']"
Rowanberry,"['woody', 'herbal', 'medicine', 'dry', 'thyme', 'wood', 'green']"
Sorghum,"['woody', 'herbal', 'medicine', 'dry', 'thyme', 'wood', 'green']"
Dandelion,"['woody', 'herbal', 'medicine', 'dry', 'thyme', 'wood', 'green']"
Linden,"['woody', 'herbal', 'medicine', 'dry', 'thyme', 'wood', 'green']"
Small leaf linden,"['woody', 'herbal', 'medicine', 'dry', 'thyme', 'wood', 'green']"
Wheat,"['woody', 'herbal', 'medicine', 'dry', 'thyme', 'wood', 'green']"
Sparkleberry,"['woody', 'herbal', 'medicine', 'dry', 'thyme', 'wood', 'green']"
Common verbena,"['woody', 'herbal', 'medicine', 'dry', 'thyme', 'wood', 'green']"
Adzuki bean,"['woody', 'herbal', 'medicine', 'dry', 'thyme', 'wood', 'green']"
Gram bean,"['woody', 'herbal', 'medicine', 'dry', 'thyme', 'wood', 'green']"
Mung bean,"['woody', 'herbal', 'medicine', 'dry', 'thyme', 'wood', 'green']"
Climbing bean,"['woody', 'herbal', 'medicine', 'dry', 'thyme', 'wood', 'green']"
Muscadine grape,"['woody', 'herbal', 'medicine', 'dry', 'thyme', 'wood', 'green']"
Bayberry,"['woody', 'herbal', 'medicine', 'dry', 'thyme', 'wood', 'green']"
Elliott's blueberry,"['woody', 'herbal', 'medicine', 'dry', 'thyme', 'wood', 'green']"
Canada blueberry,"['woody', 'herbal', 'medicine', 'dry', 'thyme', 'wood', 'green']"
Buffalo currant,"['woody', 'herbal', 'medicine', 'dry', 'thyme', 'wood', 'green']"
Deerberry,"['woody', 'herbal', 'medicine', 'dry', 'thyme', 'wood', 'green']"
Ginseng,"['woody', 'herbal', 'medicine', 'dry', 'thyme', 'wood', 'green']"
Longan,"['woody', 'herbal', 'medicine', 'dry', 'thyme', 'wood', 'green']"
Pepper C. baccatum,"['woody', 'herbal', 'medicine', 'dry', 'thyme', 'wood', 'green']"
Pepper C. chinense,"['woody', 'herbal', 'medicine', 'dry', 'thyme', 'wood', 'green']"
Rambutan,"['woody', 'herbal', 'medicine', 'dry', 'thyme', 'wood', 'green']"
Red rice,"['woody', 'herbal', 'medicine', 'dry', 'thyme', 'wood', 'green']"
Annual wild rice,"['woody', 'herbal', 'medicine', 'dry', 'thyme', 'wood', 'green']"
Welsh onion,"['woody', 'herbal', 'medicine', 'dry', 'thyme', 'wood', 'green']"
Hard wheat,"['woody', 'herbal', 'medicine', 'dry', 'thyme', 'wood', 'green']"
Triticale,"['woody', 'herbal', 'medicine', 'dry', 'thyme', 'wood', 'green']"
Komatsuna,"['woody', 'herbal', 'medicine', 'dry', 'thyme', 'wood', 'green']"
Pak choy,"['woody', 'herbal', 'medicine', 'dry', 'thyme', 'wood', 'green']"
Jostaberry,"['woody', 'herbal', 'medicine', 'dry', 'thyme', 'wood', 'green']"
Kai lan,"['woody', 'herbal', 'medicine', 'dry', 'thyme', 'wood', 'green']"
Pineappple sage,"['woody', 'herbal', 'medicine', 'dry', 'thyme', 'wood', 'green']"
Skunk currant,"['woody', 'herbal', 'medicine', 'dry', 'thyme', 'wood', 'green']"
Breakfast cereal,"['woody', 'herbal', 'medicine', 'dry', 'thyme', 'wood', 'green']"
Pasta,"['woody', 'herbal', 'medicine', 'dry', 'thyme', 'wood', 'green']"
Biscuit,"['woody', 'herbal', 'medicine', 'dry', 'thyme', 'wood', 'green']"
Sourdough,"['woody', 'herbal', 'medicine', 'dry', 'thyme', 'wood', 'green']"
Spirit,"['woody', 'herbal', 'medicine', 'dry', 'thyme', 'wood', 'green']"
Beverage alcolohic other,"['woody', 'herbal', 'medicine', 'dry', 'thyme', 'wood', 'green']"
Abalone,"['woody', 'herbal', 'medicine', 'dry', 'thyme', 'wood', 'green']"
Abiyuch,"['woody', 'herbal', 'medicine', 'dry', 'thyme', 'wood', 'green']"
Acerola,"['woody', 'herbal', 'medicine', 'dry', 'thyme', 'wood', 'green']"
Acorn,"['woody', 'herbal', 'medicine', 'dry', 'thyme', 'wood', 'green']"
Winter squash,"['woody', 'herbal', 'medicine', 'dry', 'thyme', 'wood', 'green']"
Agar,"['woody', 'herbal', 'medicine', 'dry', 'thyme', 'wood', 'green']"
Red king crab,"['woody', 'herbal', 'medicine', 'dry', 'thyme', 'wood', 'green']"
Alfalfa,"['woody', 'herbal', 'medicine', 'dry', 'thyme', 'wood', 'green']"
Amaranth,"['woody', 'herbal', 'medicine', 'dry', 'thyme', 'wood', 'green']"
Arrowhead,"['woody', 'herbal', 'medicine', 'dry', 'thyme', 'wood', 'green']"
Arrowroot,"['woody', 'herbal', 'medicine', 'dry', 'thyme', 'wood', 'green']"
Atlantic herring,"['woody', 'herbal', 'medicine', 'dry', 'thyme', 'wood', 'green']"
Atlantic mackerel,"['woody', 'herbal', 'medicine', 'dry', 'thyme', 'wood', 'green']"
Painted comber,"['woody', 'herbal', 'medicine', 'dry', 'thyme', 'wood', 'green']"
Atlantic pollock,"['woody', 'herbal', 'medicine', 'dry', 'thyme', 'wood', 'green']"
Atlantic wolffish,"['woody', 'herbal', 'medicine', 'dry', 'thyme', 'wood', 'green']"
Bamboo shoots,"['woody', 'herbal', 'medicine', 'dry', 'thyme', 'wood', 'green']"
Striped bass,"['woody', 'herbal', 'medicine', 'dry', 'thyme', 'wood', 'green']"
Beaver,"['woody', 'herbal', 'medicine', 'dry', 'thyme', 'wood', 'green']"
Beech nut,"['woody', 'herbal', 'medicine', 'dry', 'thyme', 'wood', 'green']"
Beluga whale,"['woody', 'herbal', 'medicine', 'dry', 'thyme', 'wood', 'green']"
Bison,"['woody', 'herbal', 'medicine', 'dry', 'thyme', 'wood', 'green']"
Black bear,"['woody', 'herbal', 'medicine', 'dry', 'thyme', 'wood', 'green']"
Alaska blackfish,"['woody', 'herbal', 'medicine', 'dry', 'thyme', 'wood', 'green']"
Northern bluefin tuna,"['woody', 'herbal', 'medicine', 'dry', 'thyme', 'wood', 'green']"
Bluefish,"['woody', 'herbal', 'medicine', 'dry', 'thyme', 'wood', 'green']"
Wild boar,"['woody', 'herbal', 'medicine', 'dry', 'thyme', 'wood', 'green']"
Bowhead whale,"['woody', 'herbal', 'medicine', 'dry', 'thyme', 'wood', 'green']"
Breadfruit,"['woody', 'herbal', 'medicine', 'dry', 'thyme', 'wood', 'green']"
Breadnut tree seed,"['woody', 'herbal', 'medicine', 'dry', 'thyme', 'wood', 'green']"
Rapini,"['woody', 'herbal', 'medicine', 'dry', 'thyme', 'wood', 'green']"
Brown bear,"['woody', 'herbal', 'medicine', 'dry', 'thyme', 'wood', 'green']"
Buffalo,"['woody', 'herbal', 'medicine', 'dry', 'thyme', 'wood', 'green']"
Burbot,"['woody', 'herbal', 'medicine', 'dry', 'thyme', 'wood', 'green']"
Giant butterbur,"['woody', 'herbal', 'medicine', 'dry', 'thyme', 'wood', 'green']"
American butterfish,"['woody', 'herbal', 'medicine', 'dry', 'thyme', 'wood', 'green']"
Butternut,"['woody', 'herbal', 'medicine', 'dry', 'thyme', 'wood', 'green']"
Butternut squash,"['woody', 'herbal', 'medicine', 'dry', 'thyme', 'wood', 'green']"
Cardoon,"['woody', 'herbal', 'medicine', 'dry', 'thyme', 'wood', 'green']"
Caribou,"['woody', 'herbal', 'medicine', 'dry', 'thyme', 'wood', 'green']"
Natal plum,"['woody', 'herbal', 'medicine', 'dry', 'thyme', 'wood', 'green']"
Carob,"['woody', 'herbal', 'medicine', 'dry', 'thyme', 'wood', 'green']"
Common carp,"['woody', 'herbal', 'medicine', 'dry', 'thyme', 'wood', 'green']"
Channel catfish,"['woody', 'herbal', 'medicine', 'dry', 'thyme', 'wood', 'green']"
Chia,"['woody', 'herbal', 'medicine', 'dry', 'thyme', 'wood', 'green']"
Chinese chestnut,"['woody', 'herbal', 'medicine', 'dry', 'thyme', 'wood', 'green']"
Garland chrysanthemum,"['woody', 'herbal', 'medicine', 'dry', 'thyme', 'wood', 'green']"
Cisco,"['woody', 'herbal', 'medicine', 'dry', 'thyme', 'wood', 'green']"
Nuttall cockle,"['woody', 'herbal', 'medicine', 'dry', 'thyme', 'wood', 'green']"
Common octopus,"['woody', 'herbal', 'medicine', 'dry', 'thyme', 'wood', 'green']"
Corn salad,"['woody', 'herbal', 'medicine', 'dry', 'thyme', 'wood', 'green']"
Cottonseed,"['woody', 'herbal', 'medicine', 'dry', 'thyme', 'wood', 'green']"
Catjang pea,"['woody', 'herbal', 'medicine', 'dry', 'thyme', 'wood', 'green']"
Squashberry,"['woody', 'herbal', 'medicine', 'dry', 'thyme', 'wood', 'green']"
Atlantic croaker,"['woody', 'herbal', 'medicine', 'dry', 'thyme', 'wood', 'green']"
Cusk,"['woody', 'herbal', 'medicine', 'dry', 'thyme', 'wood', 'green']"
Cuttlefish,"['woody', 'herbal', 'medicine', 'dry', 'thyme', 'wood', 'green']"
Mule deer,"['woody', 'herbal', 'medicine', 'dry', 'thyme', 'wood', 'green']"
Devilfish,"['woody', 'herbal', 'medicine', 'dry', 'thyme', 'wood', 'green']"
Dock,"['woody', 'herbal', 'medicine', 'dry', 'thyme', 'wood', 'green']"
Dolphin fish,"['woody', 'herbal', 'medicine', 'dry', 'thyme', 'wood', 'green']"
Freshwater drum,"['woody', 'herbal', 'medicine', 'dry', 'thyme', 'wood', 'green']"
Mallard duck,"['woody', 'herbal', 'medicine', 'dry', 'thyme', 'wood', 'green']"
Freshwater eel,"['woody', 'herbal', 'medicine', 'dry', 'thyme', 'wood', 'green']"
Elk,"['woody', 'herbal', 'medicine', 'dry', 'thyme', 'wood', 'green']"
Emu,"['woody', 'herbal', 'medicine', 'dry', 'thyme', 'wood', 'green']"
Oregon yampah,"['woody', 'herbal', 'medicine', 'dry', 'thyme', 'wood', 'green']"
European anchovy,"['woody', 'herbal', 'medicine', 'dry', 'thyme', 'wood', 'green']"
European chestnut,"['woody', 'herbal', 'medicine', 'dry', 'thyme', 'wood', 'green']"
Turbot,"['woody', 'herbal', 'medicine', 'dry', 'thyme', 'wood', 'green']"
Fireweed,"['woody', 'herbal', 'medicine', 'dry', 'thyme', 'wood', 'green']"
Florida pompano,"['woody', 'herbal', 'medicine', 'dry', 'thyme', 'wood', 'green']"
Ginkgo nuts,"['woody', 'herbal', 'medicine', 'dry', 'thyme', 'wood', 'green']"
Greylag goose,"['woody', 'herbal', 'medicine', 'dry', 'thyme', 'wood', 'green']"
Greenland halibut,"['woody', 'herbal', 'medicine', 'dry', 'thyme', 'wood', 'green']"
Groundcherry,"['woody', 'herbal', 'medicine', 'dry', 'thyme', 'wood', 'green']"
Grouper,"['woody', 'herbal', 'medicine', 'dry', 'thyme', 'wood', 'green']"
Haddock,"['woody', 'herbal', 'medicine', 'dry', 'thyme', 'wood', 'green']"
Hippoglossus,"['woody', 'herbal', 'medicine', 'dry', 'thyme', 'wood', 'green']"
Horse,"['woody', 'herbal', 'medicine', 'dry', 'thyme', 'wood', 'green']"
Hyacinth bean,"['woody', 'herbal', 'medicine', 'dry', 'thyme', 'wood', 'green']"
Irish moss,"['woody', 'herbal', 'medicine', 'dry', 'thyme', 'wood', 'green']"
Pacific jack mackerel,"['woody', 'herbal', 'medicine', 'dry', 'thyme', 'wood', 'green']"
Japanese chestnut,"['woody', 'herbal', 'medicine', 'dry', 'thyme', 'wood', 'green']"
Jerusalem artichoke,"['woody', 'herbal', 'medicine', 'dry', 'thyme', 'wood', 'green']"
Jujube,"['woody', 'herbal', 'medicine', 'dry', 'thyme', 'wood', 'green']"
Jute,"['woody', 'herbal', 'medicine', 'dry', 'thyme', 'wood', 'green']"
Kale,"['woody', 'herbal', 'medicine', 'dry', 'thyme', 'wood', 'green']"
King mackerel,"['woody', 'herbal', 'medicine', 'dry', 'thyme', 'wood', 'green']"
Lambsquarters,"['woody', 'herbal', 'medicine', 'dry', 'thyme', 'wood', 'green']"
Leather chiton,"['woody', 'herbal', 'medicine', 'dry', 'thyme', 'wood', 'green']"
Common ling,"['woody', 'herbal', 'medicine', 'dry', 'thyme', 'wood', 'green']"
Lingcod,"['woody', 'herbal', 'medicine', 'dry', 'thyme', 'wood', 'green']"
White lupine,"['woody', 'herbal', 'medicine', 'dry', 'thyme', 'wood', 'green']"
Malabar spinach,"['woody', 'herbal', 'medicine', 'dry', 'thyme', 'wood', 'green']"
Mammee apple,"['woody', 'herbal', 'medicine', 'dry', 'thyme', 'wood', 'green']"
Purple mangosteen,"['woody', 'herbal', 'medicine', 'dry', 'thyme', 'wood', 'green']"
Alpine sweetvetch,"['woody', 'herbal', 'medicine', 'dry', 'thyme', 'wood', 'green']"
Milkfish,"['woody', 'herbal', 'medicine', 'dry', 'thyme', 'wood', 'green']"
Monkfish,"['woody', 'herbal', 'medicine', 'dry', 'thyme', 'wood', 'green']"
Moose,"['woody', 'herbal', 'medicine', 'dry', 'thyme', 'wood', 'green']"
Moth bean,"['woody', 'herbal', 'medicine', 'dry', 'thyme', 'wood', 'green']"
Mountain yam,"['woody', 'herbal', 'medicine', 'dry', 'thyme', 'wood', 'green']"
Striped mullet,"['woody', 'herbal', 'medicine', 'dry', 'thyme', 'wood', 'green']"
Muskrat,"['woody', 'herbal', 'medicine', 'dry', 'thyme', 'wood', 'green']"
New Zealand spinach,"['woody', 'herbal', 'medicine', 'dry', 'thyme', 'wood', 'green']"
Nopal,"['woody', 'herbal', 'medicine', 'dry', 'thyme', 'wood', 'green']"
Ocean pout,"['woody', 'herbal', 'medicine', 'dry', 'thyme', 'wood', 'green']"
North Pacific giant octopus,"['woody', 'herbal', 'medicine', 'dry', 'thyme', 'wood', 'green']"
Ohelo berry,"['woody', 'herbal', 'medicine', 'dry', 'thyme', 'wood', 'green']"
Opossum,"['woody', 'herbal', 'medicine', 'dry', 'thyme', 'wood', 'green']"
Ostrich,"['woody', 'herbal', 'medicine', 'dry', 'thyme', 'wood', 'green']"
Spotted seal,"['woody', 'herbal', 'medicine', 'dry', 'thyme', 'wood', 'green']"
Pacific herring,"['woody', 'herbal', 'medicine', 'dry', 'thyme', 'wood', 'green']"
Pacific rockfish,"['woody', 'herbal', 'medicine', 'dry', 'thyme', 'wood', 'green']"
Common persimmon,"['woody', 'herbal', 'medicine', 'dry', 'thyme', 'wood', 'green']"
Pheasant,"['woody', 'herbal', 'medicine', 'dry', 'thyme', 'wood', 'green']"
Northern pike,"['woody', 'herbal', 'medicine', 'dry', 'thyme', 'wood', 'green']"
Pili nut,"['woody', 'herbal', 'medicine', 'dry', 'thyme', 'wood', 'green']"
Colorado pinyon,"['woody', 'herbal', 'medicine', 'dry', 'thyme', 'wood', 'green']"
Pitanga,"['woody', 'herbal', 'medicine', 'dry', 'thyme', 'wood', 'green']"
French plantain,"['woody', 'herbal', 'medicine', 'dry', 'thyme', 'wood', 'green']"
American pokeweed,"['woody', 'herbal', 'medicine', 'dry', 'thyme', 'wood', 'green']"
Polar bear,"['woody', 'herbal', 'medicine', 'dry', 'thyme', 'wood', 'green']"
Prairie turnip,"['woody', 'herbal', 'medicine', 'dry', 'thyme', 'wood', 'green']"
Quinoa,"['woody', 'herbal', 'medicine', 'dry', 'thyme', 'wood', 'green']"
European rabbit,"['woody', 'herbal', 'medicine', 'dry', 'thyme', 'wood', 'green']"
Raccoon,"['woody', 'herbal', 'medicine', 'dry', 'thyme', 'wood', 'green']"
Rainbow smelt,"['woody', 'herbal', 'medicine', 'dry', 'thyme', 'wood', 'green']"
Rainbow trout,"['woody', 'herbal', 'medicine', 'dry', 'thyme', 'wood', 'green']"
Malabar plum,"['woody', 'herbal', 'medicine', 'dry', 'thyme', 'wood', 'green']"
Rose hip,"['woody', 'herbal', 'medicine', 'dry', 'thyme', 'wood', 'green']"
Roselle,"['woody', 'herbal', 'medicine', 'dry', 'thyme', 'wood', 'green']"
Orange roughy,"['woody', 'herbal', 'medicine', 'dry', 'thyme', 'wood', 'green']"
Sablefish,"['woody', 'herbal', 'medicine', 'dry', 'thyme', 'wood', 'green']"
Pink salmon,"['woody', 'herbal', 'medicine', 'dry', 'thyme', 'wood', 'green']"
Chum salmon,"['woody', 'herbal', 'medicine', 'dry', 'thyme', 'wood', 'green']"
Coho salmon,"['woody', 'herbal', 'medicine', 'dry', 'thyme', 'wood', 'green']"
Sockeye salmon,"['woody', 'herbal', 'medicine', 'dry', 'thyme', 'wood', 'green']"
Chinook salmon,"['woody', 'herbal', 'medicine', 'dry', 'thyme', 'wood', 'green']"
Atlantic salmon,"['woody', 'herbal', 'medicine', 'dry', 'thyme', 'wood', 'green']"
Salmonberry,"['woody', 'herbal', 'medicine', 'dry', 'thyme', 'wood', 'green']"
Common salsify,"['woody', 'herbal', 'medicine', 'dry', 'thyme', 'wood', 'green']"
Spanish mackerel,"['woody', 'herbal', 'medicine', 'dry', 'thyme', 'wood', 'green']"
Pacific sardine,"['woody', 'herbal', 'medicine', 'dry', 'thyme', 'wood', 'green']"
Scup,"['woody', 'herbal', 'medicine', 'dry', 'thyme', 'wood', 'green']"
Sea cucumber,"['woody', 'herbal', 'medicine', 'dry', 'thyme', 'wood', 'green']"
Steller sea lion,"['woody', 'herbal', 'medicine', 'dry', 'thyme', 'wood', 'green']"
Bearded seal,"['woody', 'herbal', 'medicine', 'dry', 'thyme', 'wood', 'green']"
Ringed seal,"['woody', 'herbal', 'medicine', 'dry', 'thyme', 'wood', 'green']"
Sea trout,"['woody', 'herbal', 'medicine', 'dry', 'thyme', 'wood', 'green']"
Sesbania flower,"['woody', 'herbal', 'medicine', 'dry', 'thyme', 'wood', 'green']"
American shad,"['woody', 'herbal', 'medicine', 'dry', 'thyme', 'wood', 'green']"
Shark,"['woody', 'herbal', 'medicine', 'dry', 'thyme', 'wood', 'green']"
Sheefish,"['woody', 'herbal', 'medicine', 'dry', 'thyme', 'wood', 'green']"
Sheepshead,"['woody', 'herbal', 'medicine', 'dry', 'thyme', 'wood', 'green']"
Hedge mustard,"['woody', 'herbal', 'medicine', 'dry', 'thyme', 'wood', 'green']"
Snapper,"['woody', 'herbal', 'medicine', 'dry', 'thyme', 'wood', 'green']"
Spelt,"['woody', 'herbal', 'medicine', 'dry', 'thyme', 'wood', 'green']"
Spirulina,"['woody', 'herbal', 'medicine', 'dry', 'thyme', 'wood', 'green']"
Squab,"['woody', 'herbal', 'medicine', 'dry', 'thyme', 'wood', 'green']"
Squirrel,"['woody', 'herbal', 'medicine', 'dry', 'thyme', 'wood', 'green']"
Greater sturgeon,"['woody', 'herbal', 'medicine', 'dry', 'thyme', 'wood', 'green']"
White sucker,"['woody', 'herbal', 'medicine', 'dry', 'thyme', 'wood', 'green']"
Pumpkinseed sunfish,"['woody', 'herbal', 'medicine', 'dry', 'thyme', 'wood', 'green']"
Swordfish,"['woody', 'herbal', 'medicine', 'dry', 'thyme', 'wood', 'green']"
Taro,"['woody', 'herbal', 'medicine', 'dry', 'thyme', 'wood', 'green']"
Teff,"['woody', 'herbal', 'medicine', 'dry', 'thyme', 'wood', 'green']"
Tilefish,"['woody', 'herbal', 'medicine', 'dry', 'thyme', 'wood', 'green']"
Mexican groundcherry,"['woody', 'herbal', 'medicine', 'dry', 'thyme', 'wood', 'green']"
Towel gourd,"['woody', 'herbal', 'medicine', 'dry', 'thyme', 'wood', 'green']"
Salmonidae,"['woody', 'herbal', 'medicine', 'dry', 'thyme', 'wood', 'green']"
Walleye,"['woody', 'herbal', 'medicine', 'dry', 'thyme', 'wood', 'green']"
Alaska pollock,"['woody', 'herbal', 'medicine', 'dry', 'thyme', 'wood', 'green']"
Whelk,"['woody', 'herbal', 'medicine', 'dry', 'thyme', 'wood', 'green']"
Broad whitefish,"['woody', 'herbal', 'medicine', 'dry', 'thyme', 'wood', 'green']"
Whitefish,"['woody', 'herbal', 'medicine', 'dry', 'thyme', 'wood', 'green']"
Whiting,"['woody', 'herbal', 'medicine', 'dry', 'thyme', 'wood', 'green']"
Wild rice,"['woody', 'herbal', 'medicine', 'dry', 'thyme', 'wood', 'green']"
Tea leaf willow,"['woody', 'herbal', 'medicine', 'dry', 'thyme', 'wood', 'green']"
Winged bean,"['woody', 'herbal', 'medicine', 'dry', 'thyme', 'wood', 'green']"
Yam,"['woody', 'herbal', 'medicine', 'dry', 'thyme', 'wood', 'green']"
Jicama,"['woody', 'herbal', 'medicine', 'dry', 'thyme', 'wood', 'green']"
Yautia,"['woody', 'herbal', 'medicine', 'dry', 'thyme', 'wood', 'green']"
Yellowfin tuna,"['woody', 'herbal', 'medicine', 'dry', 'thyme', 'wood', 'green']"
Yellowtail amberjack,"['woody', 'herbal', 'medicine', 'dry', 'thyme', 'wood', 'green']"
Pollock,"['woody', 'herbal', 'medicine', 'dry', 'thyme', 'wood', 'green']"
Albacore tuna,"['woody', 'herbal', 'medicine', 'dry', 'thyme', 'wood', 'green']"
Atlantic halibut,"['woody', 'herbal', 'medicine', 'dry', 'thyme', 'wood', 'green']"
Smelt,"['woody', 'herbal', 'medicine', 'dry', 'thyme', 'wood', 'green']"
Clupeinae,"['woody', 'herbal', 'medicine', 'dry', 'thyme', 'wood', 'green']"
Spiny lobster,"['woody', 'herbal', 'medicine', 'dry', 'thyme', 'wood', 'green']"
Black-eyed pea,"['woody', 'herbal', 'medicine', 'dry', 'thyme', 'wood', 'green']"
Deer,"['woody', 'herbal', 'medicine', 'dry', 'thyme', 'wood', 'green']"
Percoidei,"['woody', 'herbal', 'medicine', 'dry', 'thyme', 'wood', 'green']"
Perciformes,"['woody', 'herbal', 'medicine', 'dry', 'thyme', 'wood', 'green']"
Rabbit,"['woody', 'herbal', 'medicine', 'dry', 'thyme', 'wood', 'green']"
Beefalo,"['woody', 'herbal', 'medicine', 'dry', 'thyme', 'wood', 'green']"
Bivalvia,"['woody', 'herbal', 'medicine', 'dry', 'thyme', 'wood', 'green']"
Flatfish,"['woody', 'herbal', 'medicine', 'dry', 'thyme', 'wood', 'green']"
Walrus,"['woody', 'herbal', 'medicine', 'dry', 'thyme', 'wood', 'green']"
Alaska wild rhubarb,"['woody', 'herbal', 'medicine', 'dry', 'thyme', 'wood', 'green']"
Oriental wheat,"['woody', 'herbal', 'medicine', 'dry', 'thyme', 'wood', 'green']"
Yardlong bean,"['woody', 'herbal', 'medicine', 'dry', 'thyme', 'wood', 'green']"
Great horned owl,"['woody', 'herbal', 'medicine', 'dry', 'thyme', 'wood', 'green']"
Quail,"['woody', 'herbal', 'medicine', 'dry', 'thyme', 'wood', 'green']"
Boysenberry,"['woody', 'herbal', 'medicine', 'dry', 'thyme', 'wood', 'green']"
Rowal,"['woody', 'herbal', 'medicine', 'dry', 'thyme', 'wood', 'green']"
Jew's ear,"['woody', 'herbal', 'medicine', 'dry', 'thyme', 'wood', 'green']"
Shiitake,"['woody', 'herbal', 'medicine', 'dry', 'thyme', 'wood', 'green']"
Purple laver,"['woody', 'herbal', 'medicine', 'dry', 'thyme', 'wood', 'green']"
Wakame,"['woody', 'herbal', 'medicine', 'dry', 'thyme', 'wood', 'green']"
Enokitake,"['woody', 'herbal', 'medicine', 'dry', 'thyme', 'wood', 'green']"
Epazote,"['woody', 'herbal', 'medicine', 'dry', 'thyme', 'wood', 'green']"
Oyster mushroom,"['woody', 'herbal', 'medicine', 'dry', 'thyme', 'wood', 'green']"
Cloud ear fungus,"['woody', 'herbal', 'medicine', 'dry', 'thyme', 'wood', 'green']"
Maitake,"['woody', 'herbal', 'medicine', 'dry', 'thyme', 'wood', 'green']"
Ostrich fern,"['woody', 'herbal', 'medicine', 'dry', 'thyme', 'wood', 'green']"
Spot croaker,"['woody', 'herbal', 'medicine', 'dry', 'thyme', 'wood', 'green']"
Sourdock,"['woody', 'herbal', 'medicine', 'dry', 'thyme', 'wood', 'green']"
Tinda,"['woody', 'herbal', 'medicine', 'dry', 'thyme', 'wood', 'green']"
Atlantic menhaden,"['woody', 'herbal', 'medicine', 'dry', 'thyme', 'wood', 'green']"
Agave,"['woody', 'herbal', 'medicine', 'dry', 'thyme', 'wood', 'green']"
Narrowleaf cattail,"['woody', 'herbal', 'medicine', 'dry', 'thyme', 'wood', 'green']"
Jellyfish,"['woody', 'herbal', 'medicine', 'dry', 'thyme', 'wood', 'green']"
Anchovy,"['woody', 'herbal', 'medicine', 'dry', 'thyme', 'wood', 'green']"
Blue whiting,"['woody', 'herbal', 'medicine', 'dry', 'thyme', 'wood', 'green']"
Carp bream,"['woody', 'herbal', 'medicine', 'dry', 'thyme', 'wood', 'green']"
Chanterelle,"['woody', 'herbal', 'medicine', 'dry', 'thyme', 'wood', 'green']"
Sturgeon,"['woody', 'herbal', 'medicine', 'dry', 'thyme', 'wood', 'green']"
Charr,"['woody', 'herbal', 'medicine', 'dry', 'thyme', 'wood', 'green']"
Common dab,"['woody', 'herbal', 'medicine', 'dry', 'thyme', 'wood', 'green']"
Spiny dogfish,"['woody', 'herbal', 'medicine', 'dry', 'thyme', 'wood', 'green']"
Anatidae,"['woody', 'herbal', 'medicine', 'dry', 'thyme', 'wood', 'green']"
Anguilliformes,"['woody', 'herbal', 'medicine', 'dry', 'thyme', 'wood', 'green']"
True frog,"['woody', 'herbal', 'medicine', 'dry', 'thyme', 'wood', 'green']"
Garfish,"['woody', 'herbal', 'medicine', 'dry', 'thyme', 'wood', 'green']"
Gadiformes,"['woody', 'herbal', 'medicine', 'dry', 'thyme', 'wood', 'green']"
Mountain hare,"['woody', 'herbal', 'medicine', 'dry', 'thyme', 'wood', 'green']"
Lake trout,"['woody', 'herbal', 'medicine', 'dry', 'thyme', 'wood', 'green']"
Lemon sole,"['woody', 'herbal', 'medicine', 'dry', 'thyme', 'wood', 'green']"
Lumpsucker,"['woody', 'herbal', 'medicine', 'dry', 'thyme', 'wood', 'green']"
Scombridae,"['woody', 'herbal', 'medicine', 'dry', 'thyme', 'wood', 'green']"
Norway haddock,"['woody', 'herbal', 'medicine', 'dry', 'thyme', 'wood', 'green']"
Norway pout,"['woody', 'herbal', 'medicine', 'dry', 'thyme', 'wood', 'green']"
Oil palm,"['woody', 'herbal', 'medicine', 'dry', 'thyme', 'wood', 'green']"
Sago palm,"['woody', 'herbal', 'medicine', 'dry', 'thyme', 'wood', 'green']"
Persimmon,"['woody', 'herbal', 'medicine', 'dry', 'thyme', 'wood', 'green']"
Pikeperch,"['woody', 'herbal', 'medicine', 'dry', 'thyme', 'wood', 'green']"
Pleuronectidae,"['woody', 'herbal', 'medicine', 'dry', 'thyme', 'wood', 'green']"
Rock ptarmigan,"['woody', 'herbal', 'medicine', 'dry', 'thyme', 'wood', 'green']"
Pacific ocean perch,"['woody', 'herbal', 'medicine', 'dry', 'thyme', 'wood', 'green']"
Black salsify,"['woody', 'herbal', 'medicine', 'dry', 'thyme', 'wood', 'green']"
True seal,"['woody', 'herbal', 'medicine', 'dry', 'thyme', 'wood', 'green']"
Red algae,"['woody', 'herbal', 'medicine', 'dry', 'thyme', 'wood', 'green']"
Kombu,"['woody', 'herbal', 'medicine', 'dry', 'thyme', 'wood', 'green']"
Snail,"['woody', 'herbal', 'medicine', 'dry', 'thyme', 'wood', 'green']"
True sole,"['woody', 'herbal', 'medicine', 'dry', 'thyme', 'wood', 'green']"
Catfish,"['woody', 'herbal', 'medicine', 'dry', 'thyme', 'wood', 'green']"
Thistle,"['woody', 'herbal', 'medicine', 'dry', 'thyme', 'wood', 'green']"
Common Tuna,"['woody', 'herbal', 'medicine', 'dry', 'thyme', 'wood', 'green']"
Cetacea,"['woody', 'herbal', 'medicine', 'dry', 'thyme', 'wood', 'green']"
Columbidae,"['woody', 'herbal', 'medicine', 'dry', 'thyme', 'wood', 'green']"
Conch,"['woody', 'herbal', 'medicine', 'dry', 'thyme', 'wood', 'green']"
Berry wine,"['woody', 'herbal', 'medicine', 'dry', 'thyme', 'wood', 'green']"
Vodka,"['woody', 'herbal', 'medicine', 'dry', 'thyme', 'wood', 'green']"
Ice cream,"['woody', 'herbal', 'medicine', 'dry', 'thyme', 'wood', 'green']"
Vermouth,"['woody', 'herbal', 'medicine', 'dry', 'thyme', 'wood', 'green']"
Madeira wine,"['woody', 'herbal', 'medicine', 'dry', 'thyme', 'wood', 'green']"
Nougat,"['woody', 'herbal', 'medicine', 'dry', 'thyme', 'wood', 'green']"
Toffee,"['woody', 'herbal', 'medicine', 'dry', 'thyme', 'wood', 'grassy']"
Cake,"['woody', 'herbal', 'medicine', 'dry', 'thyme', 'wood', 'grassy']"
Pizza,"['woody', 'herbal', 'medicine', 'dry', 'thyme', 'wood', 'grassy']"
Ymer,"['woody', 'herbal', 'medicine', 'dry', 'thyme', 'wood', 'grassy']"
Other snack food,"['woody', 'herbal', 'medicine', 'dry', 'thyme', 'wood', 'grassy']"
Pastry,"['woody', 'herbal', 'medicine', 'dry', 'thyme', 'wood', 'grassy']"
Drage,"['woody', 'herbal', 'medicine', 'dry', 'thyme', 'wood', 'grassy']"
Chewing gum,"['woody', 'herbal', 'medicine', 'dry', 'thyme', 'wood', 'grassy']"
Marzipan,"['woody', 'herbal', 'medicine', 'dry', 'thyme', 'wood', 'grassy']"
Salad dressing,"['woody', 'herbal', 'medicine', 'dry', 'thyme', 'wood', 'grassy']"
Sauce,"['woody', 'herbal', 'medicine', 'dry', 'thyme', 'wood', 'grassy']"
Salt,"['woody', 'herbal', 'medicine', 'dry', 'thyme', 'wood', 'grassy']"
Cream,"['woody', 'herbal', 'medicine', 'dry', 'thyme', 'wood', 'grassy']"
Sugar,"['woody', 'herbal', 'medicine', 'dry', 'thyme', 'wood', 'grassy']"
Sausage,"['woody', 'herbal', 'medicine', 'dry', 'thyme', 'wood', 'grassy']"
Meatball,"['woody', 'herbal', 'medicine', 'dry', 'thyme', 'wood', 'grassy']"
Pate,"['woody', 'herbal', 'medicine', 'dry', 'thyme', 'wood', 'grassy']"
Sugar substitute,"['woody', 'herbal', 'medicine', 'dry', 'thyme', 'wood', 'grassy']"
Meat bouillon,"['woody', 'herbal', 'medicine', 'dry', 'thyme', 'wood', 'grassy']"
Other meat product,"['woody', 'herbal', 'medicine', 'dry', 'thyme', 'wood', 'grassy']"
Whey,"['woody', 'herbal', 'medicine', 'dry', 'thyme', 'wood', 'grassy']"
Casein,"['woody', 'herbal', 'medicine', 'dry', 'thyme', 'wood', 'grassy']"
Fruit preserve,"['woody', 'herbal', 'medicine', 'dry', 'thyme', 'wood', 'grassy']"
Leavening agent,"['woody', 'herbal', 'medicine', 'dry', 'thyme', 'wood', 'grassy']"
Marshmallow,"['woody', 'herbal', 'medicine', 'dry', 'thyme', 'wood', 'grassy']"
Gelatin,"['woody', 'herbal', 'medicine', 'dry', 'thyme', 'wood', 'grassy']"
Water,"['woody', 'herbal', 'medicine', 'dry', 'thyme', 'wood', 'grassy']"
Other fish product,"['woody', 'herbal', 'medicine', 'dry', 'thyme', 'wood', 'grassy']"
Milk Human,"['woody', 'herbal', 'medicine', 'dry', 'thyme', 'wood', 'grassy']"
Dumpling,"['woody', 'herbal', 'medicine', 'dry', 'thyme', 'wood', 'grassy']"
Soup,"['woody', 'herbal', 'medicine', 'dry', 'thyme', 'wood', 'grassy']"
Syrup,"['woody', 'herbal', 'medicine', 'dry', 'thyme', 'wood', 'grassy']"
Remoulade,"['woody', 'herbal', 'medicine', 'dry', 'thyme', 'wood', 'grassy']"
Chocolate spread,"['woody', 'herbal', 'medicine', 'dry', 'thyme', 'wood', 'grassy']"
Fruit gum,"['woody', 'herbal', 'medicine', 'dry', 'thyme', 'wood', 'grassy']"
Meringue,"['woody', 'herbal', 'medicine', 'dry', 'thyme', 'wood', 'grassy']"
Cocoa butter,"['woody', 'herbal', 'medicine', 'dry', 'thyme', 'wood', 'grassy']"
Cocoa powder,"['woody', 'herbal', 'medicine', 'dry', 'thyme', 'wood', 'grassy']"
Chocolate,"['woody', 'herbal', 'medicine', 'dry', 'thyme', 'wood', 'grassy']"
Hot chocolate,"['woody', 'herbal', 'medicine', 'dry', 'thyme', 'wood', 'grassy']"
Kefir,"['woody', 'herbal', 'medicine', 'dry', 'thyme', 'wood', 'grassy']"
Other fermented milk,"['woody', 'herbal', 'medicine', 'dry', 'thyme', 'wood', 'grassy']"
Miso,"['woody', 'herbal', 'medicine', 'dry', 'thyme', 'wood', 'grassy']"
Tofu,"['woody', 'herbal', 'medicine', 'dry', 'thyme', 'wood', 'grassy']"
Zwieback,"['woody', 'herbal', 'medicine', 'dry', 'thyme', 'wood', 'grassy']"
Roe,"['woody', 'herbal', 'medicine', 'dry', 'thyme', 'wood', 'grassy']"
Cichlidae,"['woody', 'herbal', 'medicine', 'dry', 'thyme', 'wood', 'grassy']"
Icing,"['woody', 'herbal', 'medicine', 'dry', 'thyme', 'wood', 'grassy']"
Snack bar,"['woody', 'herbal', 'medicine', 'dry', 'thyme', 'wood', 'grassy']"
Green turtle,"['woody', 'herbal', 'medicine', 'dry', 'thyme', 'wood', 'grassy']"
Energy drink,"['woody', 'herbal', 'medicine', 'dry', 'thyme', 'wood', 'grassy']"
Burrito,"['woody', 'herbal', 'medicine', 'dry', 'thyme', 'wood', 'grassy']"
Hamburger,"['woody', 'herbal', 'medicine', 'dry', 'thyme', 'wood', 'grassy']"
Chili,"['woody', 'herbal', 'medicine', 'dry', 'thyme', 'wood', 'grassy']"
Taco,"['woody', 'herbal', 'medicine', 'dry', 'thyme', 'wood', 'grassy']"
Tortilla,"['woody', 'herbal', 'medicine', 'dry', 'thyme', 'wood', 'grassy']"
Nachos,"['woody', 'herbal', 'medicine', 'dry', 'thyme', 'wood', 'grassy']"
Salad,"['woody', 'herbal', 'medicine', 'dry', 'thyme', 'wood', 'grassy']"
Dulce de leche,"['woody', 'herbal', 'medicine', 'dry', 'thyme', 'wood', 'grassy']"
Topping,"['woody', 'herbal', 'medicine', 'dry', 'thyme', 'wood', 'grassy']"
Sweet custard,"['woody', 'herbal', 'medicine', 'dry', 'thyme', 'wood', 'grassy']"
Egg roll,"['woody', 'herbal', 'medicine', 'dry', 'thyme', 'wood', 'grassy']"
Heart of palm,"['woody', 'herbal', 'medicine', 'dry', 'thyme', 'wood', 'grassy']"
Potato chip,"['woody', 'herbal', 'medicine', 'dry', 'thyme', 'wood', 'grassy']"
Tortilla chip,"['woody', 'herbal', 'medicine', 'dry', 'thyme', 'wood', 'grassy']"
Corn chip,"['woody', 'herbal', 'medicine', 'dry', 'thyme', 'wood', 'grassy']"
Hibiscus tea,"['woody', 'herbal', 'medicine', 'dry', 'thyme', 'wood', 'grassy']"
Stew,"['woody', 'herbal', 'medicine', 'dry', 'thyme', 'wood', 'grassy']"
Gelatin dessert,"['woody', 'herbal', 'medicine', 'dry', 'thyme', 'wood', 'grassy']"
Junket,"['woody', 'herbal', 'medicine', 'dry', 'thyme', 'wood', 'grassy']"
Falafel,"['woody', 'herbal', 'medicine', 'dry', 'thyme', 'wood', 'grassy']"
Frybread,"['woody', 'herbal', 'medicine', 'dry', 'thyme', 'wood', 'grassy']"
Other frozen dessert,"['woody', 'herbal', 'medicine', 'dry', 'thyme', 'wood', 'grassy']"
Lasagna,"['woody', 'herbal', 'medicine', 'dry', 'thyme', 'wood', 'grassy']"
Morchella,"['woody', 'herbal', 'medicine', 'dry', 'thyme', 'wood', 'grassy']"
Pancake,"['woody', 'herbal', 'medicine', 'dry', 'thyme', 'wood', 'grassy']"
Pectin,"['woody', 'herbal', 'medicine', 'dry', 'thyme', 'wood', 'grassy']"
Pudding,"['woody', 'herbal', 'medicine', 'dry', 'thyme', 'wood', 'grassy']"
Waffle,"['woody', 'herbal', 'medicine', 'dry', 'thyme', 'wood', 'grassy']"
Soy milk,"['woody', 'herbal', 'medicine', 'dry', 'thyme', 'wood', 'grassy']"
Meatloaf,"['woody', 'herbal', 'medicine', 'dry', 'thyme', 'wood', 'grassy']"
Cocktail,"['woody', 'herbal', 'medicine', 'dry', 'thyme', 'wood', 'grassy']"
Couscous,"['woody', 'herbal', 'medicine', 'dry', 'thyme', 'wood', 'grassy']"
Bulgur,"['woody', 'herbal', 'medicine', 'dry', 'thyme', 'wood', 'grassy']"
Coffee mocha,"['woody', 'herbal', 'medicine', 'dry', 'thyme', 'wood', 'grassy']"
Chimichanga,"['woody', 'herbal', 'medicine', 'dry', 'thyme', 'wood', 'grassy']"
Semolina,"['woody', 'herbal', 'medicine', 'dry', 'thyme', 'wood', 'grassy']"
Tapioca pearl,"['woody', 'herbal', 'medicine', 'dry', 'thyme', 'wood', 'grassy']"
Tostada,"['woody', 'herbal', 'medicine', 'dry', 'thyme', 'wood', 'grassy']"
Quesadilla,"['woody', 'herbal', 'medicine', 'dry', 'thyme', 'wood', 'grassy']"
Baked potato,"['woody', 'herbal', 'medicine', 'dry', 'thyme', 'wood', 'grassy']"
Hot dog,"['woody', 'herbal', 'medicine', 'dry', 'thyme', 'wood', 'grassy']"
Spread,"['woody', 'herbal', 'medicine', 'dry', 'thyme', 'wood', 'grassy']"
Enchilada,"['woody', 'herbal', 'medicine', 'dry', 'thyme', 'wood', 'grassy']"
Nutritional drink,"['woody', 'herbal', 'medicine', 'dry', 'thyme', 'wood', 'grassy']"
Other sandwich,"['woody', 'herbal', 'medicine', 'dry', 'thyme', 'wood', 'grassy']"
Ketchup,"['woody', 'herbal', 'medicine', 'dry', 'thyme', 'wood', 'grassy']"
Breakfast sandwich,"['woody', 'herbal', 'medicine', 'dry', 'thyme', 'wood', 'grassy']"
Adobo,"['woody', 'herbal', 'medicine', 'dry', 'thyme', 'wood', 'grassy']"
Macaroni and cheese,"['woody', 'herbal', 'medicine', 'dry', 'thyme', 'wood', 'grassy']"
Horned melon,"['woody', 'herbal', 'medicine', 'dry', 'thyme', 'wood', 'grassy']"
Hushpuppy,"['woody', 'herbal', 'medicine', 'dry', 'thyme', 'wood', 'grassy']"
Fruit juice,"['woody', 'herbal', 'medicine', 'dry', 'thyme', 'wood', 'grassy']"
Relish,"['woody', 'herbal', 'medicine', 'dry', 'thyme', 'wood', 'grassy']"
Fruit salad,"['woody', 'herbal', 'medicine', 'dry', 'thyme', 'wood', 'grassy']"
Soy yogurt,"['woody', 'herbal', 'medicine', 'dry', 'thyme', 'wood', 'grassy']"
Vegetarian food,"['woody', 'herbal', 'medicine', 'dry', 'thyme', 'wood', 'grassy']"
Cold cut,"['woody', 'herbal', 'medicine', 'dry', 'thyme', 'wood', 'grassy']"
Mixed nuts,"['woody', 'herbal', 'medicine', 'dry', 'thyme', 'wood', 'grassy']"
Babassu palm,"['woody', 'herbal', 'medicine', 'dry', 'thyme', 'wood', 'grassy']"
Cupuau,"['woody', 'herbal', 'medicine', 'dry', 'thyme', 'wood', 'grassy']"
Shea tree,"['woody', 'herbal', 'medicine', 'dry', 'thyme', 'wood', 'grassy']"
Oil-seed Camellia,"['woody', 'herbal', 'medicine', 'dry', 'thyme', 'wood', 'grassy']"
Ucuhuba,"['woody', 'herbal', 'medicine', 'dry', 'thyme', 'wood', 'grassy']"
Phyllo dough,"['woody', 'herbal', 'medicine', 'dry', 'thyme', 'wood', 'grassy']"
Cooking oil,"['woody', 'herbal', 'medicine', 'dry', 'thyme', 'wood', 'grassy']"
Pie crust,"['woody', 'herbal', 'medicine', 'dry', 'thyme', 'wood', 'grassy']"
Pie,"['woody', 'herbal', 'medicine', 'dry', 'thyme', 'wood', 'grassy']"
Shortening,"['woody', 'herbal', 'medicine', 'dry', 'thyme', 'wood', 'grassy']"
Soy cream,"['woody', 'herbal', 'medicine', 'dry', 'thyme', 'wood', 'grassy']"
Ice cream cone,"['woody', 'herbal', 'medicine', 'dry', 'thyme', 'wood', 'grassy']"
Molasses,"['woody', 'herbal', 'medicine', 'dry', 'thyme', 'wood', 'grassy']"
Nance,"['woody', 'herbal', 'medicine', 'dry', 'thyme', 'wood', 'grassy']"
Natto,"['woody', 'herbal', 'medicine', 'dry', 'thyme', 'wood', 'grassy']"
Ravioli,"['woody', 'herbal', 'medicine', 'dry', 'thyme', 'wood', 'grassy']"
Scrapple,"['woody', 'herbal', 'medicine', 'dry', 'thyme', 'wood', 'grassy']"
Other pasta dish,"['woody', 'herbal', 'medicine', 'dry', 'thyme', 'wood', 'grassy']"
Succotash,"['woody', 'herbal', 'medicine', 'dry', 'thyme', 'wood', 'grassy']"
Tamale,"['woody', 'herbal', 'medicine', 'dry', 'thyme', 'wood', 'grassy']"
Rice cake,"['woody', 'herbal', 'medicine', 'dry', 'thyme', 'wood', 'grassy']"
Tree fern,"['woody', 'herbal', 'medicine', 'dry', 'thyme', 'wood', 'grassy']"
Evaporated milk,"['woody', 'herbal', 'medicine', 'dry', 'thyme', 'wood', 'grassy']"
Flour,"['woody', 'herbal', 'medicine', 'dry', 'thyme', 'wood', 'grassy']"
Akutaq,"['woody', 'herbal', 'medicine', 'dry', 'thyme', 'wood', 'grassy']"
Pita bread,"['woody', 'herbal', 'medicine', 'dry', 'thyme', 'wood', 'grassy']"
Focaccia,"['woody', 'herbal', 'medicine', 'dry', 'thyme', 'wood', 'grassy']"
Bagel,"['woody', 'herbal', 'medicine', 'dry', 'thyme', 'wood', 'grassy']"
