Wine,Variety,Note
한스베어 게뷔르츠트라미너,Gewuerztraminer,"향: 파인애플향과 잘 익은 바나나향이 상큼하게 느껴지며, 부드러운 첫맛이 입안을 감싼다. 맛: 리치 등의 달콤한 열대과일향이 풍부하게 느껴지며, 살짝 달콤하면서도 청량한 특성이 매력적이다. 뒷맛이 아주 깔끔하게 끝나는 화이트 와인으로, 마시기 좋다."
해피올레 샹그리아 화이트,"Mecabeo, Moscatel ","향: 신선한 오이향을 시작으로, 잘 익은 참외와 멜론향이 부드럽고 상큼하게 퍼진다.맛: 상큼한 첫맛과 함께 부드럽고 달콤한 맛이 어우러지며, 지나치지 않게 절제된 단맛이 깔끔한 뒷맛으로 마무리된다. 전체적으로 산뜻하고 상큼달콤한 풍미가 여름철에 특히 잘 어울리는, 마시기 좋은 와인이다."
시크 마티나,Garnacha,"라즈베리향. 신선한 첫맛. 부드러운 단맛. 딸기향, 붉은 체리향, 라즈베리향. 딱 기분 좋게 달면서 산미도 매우 상큼해서 초보자들이 맛보면 미친 듯이 좋아할만한 와인."
에노빌리아 모스카토다스티,Moscato d Asti,"향: 청포도향이 상큼하게 느껴지며, 부드러운 첫맛이 입안을 감싼다. 맛: 만족스러운 단맛과 청량한 산미가 조화를 이루고, 잘 익은 청포도향과 감귤향, 레몬향이 함께 감돈다. 기분 좋고 고급스러운 달콤함과 상큼함이 어우러져 매우 좋은 와인"
아바찌아 모스카토 스푸만테 로제 포르투나,Moscato 100%,"향: 짙고 신선한 라즈베리향이 강하게 느껴지며, 부드러운 첫맛이 입안을 기분 좋게 감싼다. 맛: 상큼한 딸기향이 더해지며, 아주 예쁜 산미가 매력적으로 다가온다. 고운 풍미를 보이며, 상큼하게 달콤한 맛이 잘 조화된 잘 만든 스위트 스파클링 와인."
아빠지아 모스카토 돌체,Moscato,"향: 효모향이 섬세하게 감도는 와인으로, 충분한 탄산감과 함께 진한 단맛이 풍부하게 퍼진다. 복숭아향이 상큼하게 감돌아 향 전체가 과일의 풍미를 더한다. 맛: 진한 단맛과 충분한 탄산감이 입안을 상쾌하게 감싸며, 뒤에서 살짝 올라오는 산미가 맛의 균형을 맞춘다. 상큼하게 끝나는 뒷맛이 기분 좋게 여운을 남기며, 다시 한 모금 땡기게 만드는 매력을 지닌다. 와알못이나 술을 잘 못 드시는 분들에게도 부담 없이 즐길 수 있는 와인이다."
샤토 레 알베르 보르도 올드바인,"Merlot 85%, Malbec 15%","향: 찐 겨울밤의 냄새와 잘 익은 무화과향이 난다. 맛: 탄닌 느낌이 꽤 나면서 잘 익은 탄닌의 느낌을 낸다. 완숙한 검은 체리향을 내며, 산미가 좋다.  보르도 블랜딩이 잘 이루어진 와인을 느낌을 간직하고 있다."
브루코,Pecorino,"향: 달콤한 파인애플향이 난다. 맛: 섬세하다. 균형미가 좋고, 중간 크기의 구조감을 보인다. 힘이 있고 과일향이 좋다. 말린 과일향이 많이 난다. 말린 파인애플향과 완벽하게 말린 살구향이 난다. 아주 우아한 와인이다. 누구나 마시기 좋은 와인."
레드 디어 스테이션 30,Shiraz,"향: 말린 자두의 향이 풍부하게 느껴지며, 달게 잘 익은 검은 자두를 말린 프룬의 향이 입안을 감싼다. 맛: 부드러운 첫맛과 함께 많이 성숙한 탄닌의 느낌이 입안을 감싸며, 과숙해서 달큰한 느낌을 내는 과일향이 길게 이어진다. 숙성된 와인을 좋아하는 분께 추천하며, 올해 이내 소비하는 것이 좋다."
레드 디어 스테이션 50,Shiraz,"향: 대추야자열매향이 감미롭게 느껴지며, 부드러운 첫맛과 함께 잘 익은 검은 과일향이 짙게 피어난다. 맛: 기분 좋은 산미와 짙은 오크향이 어우러지며, 초컬릿과 바닐라의 풍미가 더해진다. 색깔과 맛에서 충분한 숙성미를 보이며, 복합미와 균형미가 뛰어난 아주 맛있게 잘 익은 레드 와인이다."
메종 샹피 부르고뉴 피노누아 뀌베 에드메,Pinot Noir,"향: 가벼운 딸기향이 상큼하게 퍼지며, 신선한 첫맛이 기분 좋게 입안을 깨운다. 맛: 아주 청량한 느낌이 인상적이며, 적당히 잘 익은 딸기향이 매우 매력적이다. 부드러운 탄닌과 잔잔한 오크향이 조화를 이루어, 섬세한 미네랄 느낌이 더해진다. 특히 우아한 산미가 좋으며, 여운이 긴 매력적인 맛을 제공하는 잘 만든 피노 누아이다."
엘 꼬또 블랑코,"Viura, Verdejo, Sauvignon Blanc","향: 흰꽃향기가 상큼하게 느껴지며, 신선한 첫맛이 입안을 감싼다. 맛: 신선한 복숭아향과 살구향이 더해져 부드러운 중간맛을 형성한다. 적절한 산미와 과일향이 잘 어우러지며, 적절한 알코올 수준이 균형미를 이룬다. 전체적으로 모두 좋은 와인."
파울스 에이와이지 까베르네소비뇽,Cabernet Sauvignon,"향: 검은 과일향과 함께 향신료의 느낌이 피어오른다. 맛: 신선하면서도 상당히 풍부한 맛이 난다. 잘 익은 검은 과일향이 난다. 향신료의 느낌이 강하면서 오크향이 살짝 나며, 농축미가 있고 묵직하다.진한 와인을 좋아하는 분들께 강추하는 와인이다."
라마 올드 바인 말벡,Malbec,"향: 검은 체리향과 검은 후추향이 어우러지며, 달콤한 첫맛이 인상적이다. 신선한 산미와 선명한 붉은 체리향이 함께 느껴진다. 맛: 살짝 느껴지는 알코올감이 부드럽고, 꽤 강하게 느껴지는 탄닌은 거칠면서도 부드럽다. 전체적인 구조감과 균형미가 뛰어나며, 첫맛에서 약간의 단맛이 돌다가 뒤로 갈수록 드라이해지는 매력이 있다."
뀌베 17 리미티드 에디션,"Negroamaro, Primitivo",향: 찐밤향이 난다. 맛: 첫맛은 매우 부드럽다. 진한 검은 과일향이 나고 부드러우면서도 분명한 산미가 느껴진다. 적당한 무게감에 기분좋은 탄닌을 가진 잘 만든 레드 와인.
보나키 끼안티 클라시코 리제르바,Sangiovese,"향: 가벼운 오크향과 잘 익은 딸기향이 조화를 이루며, 신선한 첫맛이 입안을 감싼다. 맛: 높은 산미와 잔잔하면서도 존재감 있는 고운 탄닌이 특징적이다. 단단한 구조감과 좋은 균형미가 돋보이며, 탄닌의 존재감과 높은 산미를 감상할 줄 아는 중급자 및 고급자용 와인이다."
빌라 프란체스카 메를로,Merlot,향: 아니스(정향)이 난다. 맛: 첫맛이 부드럽다. 잘 익은 과일향이 나면서도 복합미가 좋다. 진한 맛의 농축미를 보이며 피니쉬는 중간 정도다. 지금 마시기에 딱 좋게 잘 영근 와인.
챠오 피노그리지오,Pinot Grigio,향: 버터향이 감돈다. 맛: 신선한 맛을 내면서 바디감이 좋다. 잘 익은 살구향과 잘 익은 파인애플향이 진하고 갓튀긴 버터팝콘향이 난다. 살짝 쌉싸름한 맛을 내며 뒷맛이 깔끔하다. 버터리하고 오크향이 짙은 화이트 와인을 좋아하는 분께 권한다.
몽블라우,"Traditional Spain white grapes
","향: 사과향이 상큼하게 느껴지며, 부드러운 첫맛이 입안을 감싸온다. 가벼운 레몬향이 함께 어우러져 청량함을 더한다. 맛: 살짝 밋밋한 느낌이 있지만, 청량한 중간맛과 깔끔한 뒷맛이 인상적이다. 아주 심플하면서도 이 가격대에서 더 이상 바랄 게 없는 깔끔한 스파클링 와인."
레 비네 디 삼마르코 네그로아마로,Negroamaro,"향: 진한 오크향이 매력적으로 느껴지며, 부드러운 첫맛이 입안을 감싼다. 아주 진하게 잘 익은 검은 과일향과 살짝 말린 대추향이 함께 어우러진다. 맛: 코에서는 짙게 풍기던 오크향이 입에서는 향기로운 과일향에 모습을 감추며 조화를 이룬다. 스윗하면서도 폭신하고 풍부한 질감을 지닌 탄닌이 특징이다. 가격 대비 아주 훌륭하게 잘 만든 와인으로, 풍부한 맛을 지닌다."
루이 모레뜨 그랑 리저브 샴페인,"Pinot Noir, Pinot Meunier, Chardonnay","향: 브리오쉬의 고소한 향이 기분 좋게 퍼지며, 나무향이 은은하게 느껴진다. 맛: 깔끔한 첫맛이 입안을 부드럽게 감싸고, 약간의 무게감이 더해져 안정감을 준다. 부드러운 중간 맛이 여유 있는 구조감으로 이어지며, 부드러우면서도 적당한 복합미가 느껴진다. 이 와인은 샴페인의 특징을 고르게 갖추고 있어, 깔끔한 뒷맛이 남아 세련된 마무리를 제공한다."
니바리우스 리아 펫낫 ,Garnacha,"향: 상큼한 허브향이 상쾌하게 느껴지며, 드라이한 첫맛이 인상적이다. 짙게 올라오면서도 과하지 않은 오크향이 매력적이다. 맛: 청량한 산미와 드라이한 탄닌의 조화가 매우 좋으며, 살짝 올라오는 알코올의 느낌이 있으나 과하지는 않다. 브리오쉬의 향까지는 아니지만 신선하게 구운 빵의 향미가 돋보인다. 섬세하고 매우 드라이한 스파클링 와인을 좋아하는 분께 추천하기에 아주 좋은 중고급자용 와인."
디아 펠리즈 모스카토,Moscato,"향: 가벼운 청포도 향이 상큼하게 느껴지며, 살짝 달콤한 첫맛이 입안을 기분 좋게 감싼다. 맛: 청량한 청포도 향이 풍부하게 퍼지며, 기분 좋은 탄산감이 더해져 상쾌함을 느끼게 한다. 저렴한 가격에 적당히 즐기기에 딱 좋은, 즐거운 모스카토의 느낌이다."
뚜렌 까나이,Gamay,향: 잘 익혀서 껍질을 까낸 밤 냄새가 난다. 맛: 산도가 높지만 잘 다듬어진 산미를 보인다. 알코올의 느낌은 살짝 강하고 오크향이 가볍게 감돈다. 딸기향이 엄청 진하다. 신선하게 살아있는 느낌의 와인. 누구나 마시기 좋은 와인.
도멘 엘레뱅 샤블리,Chardonnay,향: 후레쉬 크림의 향을 낸다. 맛: 첫맛은 신선하고 점차 맛이 부드러워지면서 파인애플향을 갖춘다. 상당히 우아한 미네랄 느낌을 내다가 점차 무게감을 보여주며 피니쉬까지 길다. 신선하고 복합적이며 충분한 과일향과 긴 뒷맛까지 갖춘 고급 화이트 와인.
파울스 팜투 테이블 까베르네소비뇽,"Cabernet Sauvignon, Shiraz",향: 검은 후추향과 함께 말린자두 향이 살짝 난다. 맛: 응축미가 있으면서도 산미가 좋아서 신선한 맛을 낸다. 탄닌 느낌이 매우 강하면서도 섬세함이 서려있다. 미네랄 느낌까지 갖추고 있는 좋은 와인.
팜 투 테이블 피노누아,Pinot Noir,"향: 핑크체리향이 가볍게 감돈다. 맛: 첫맛이 섬세하고 딸기향이 기분좋게 신선하다. 탄닌이 부드럽게 느껴지고 산미가 신선하다. 와인이 잘 숙성이 됐고, 체리사탕향이 감돌면서 복합적이고 균형미가 좋다. 가성비가 좋게 잘 만든 피노 누아."
파울스 에이와이지 쉬라즈,Shiraz,향: 붉은 체리향이 감돈다. 맛: 첫맛이 신선하고 구조감이 좋다. 붉은 과일향이 매우 선명하고 분명하게 난다. 촉촉하게 쥬시한 느낌을 내며 가성비가 완벽하게 뛰어난 잘 만든 레드 와인이다.
로스트 보이즈 GSM,"Grenache, Syrah, Mourvedre","향: 체리 사탕향이 난다. 맛: 첫맛은 달콤하고 붉은 과일향, 특히 붉은 체리향이 난다. 꽤나 달콤한 레드 와인인데 중간 바디에 부드러운 뒷맛을 보여준다."
크레인만 루비 포트,"Touriga Nacional 25%, Touriga Franca 25%, Tinta Barroca 25%, Tinta Roriz 25%","향: 건포도향이 풍부하게 느껴지며, 알코올에 절인 체리향과 장미향이 짙게 남아 고급스러운 느낌을 준다. 맛: 진한 첫맛이 입안을 꽉 채우고, 진하고 강한 탄닌이 힘있게 느껴진다. 알코올 느낌이 매우 강하면서도 과일향이 함께 풍기는 독특한 조화가 인상적이다. 뒷맛까지 강렬한 이 디저트 와인은 고유의 매력을 지니며, 깊고 풍부한 맛으로 와인 애호가들에게 강한 여운을 남길 것이다."
뽀또 로제,"Cinsault 80%, Mourvèdre 20%","향: 산뜻한 딸기향이 신선하게 퍼지며, 잘 익은 붉은 과일향이 풍부하게 감돈다. 약간의 흰 꽃향이 섬세하게 어우러져 전체적인 향이 부드럽고 우아하다. 맛: 부드러운 첫맛이 입안을 부드럽게 감싸며, 부드러운 바디감이 균형을 잡아준다. 약간 높은 알코올 느낌이 미묘하게 감도지만, 드라이한 끝맛이 깔끔하게 마무리된다. 잘 만들어진 로제 와인으로, 고급스러운 맛과 세련된 품질을 자랑한다."
앨리스 엠 폰도,Marzemino,"향: 라즈베리의 신선한 향이 풍부하게 감도며, 붉은 체리의 달콤한 향이 함께 어우러져 상큼하고 매력적인 향을 제공한다. 맛: 신선한 첫맛이 입안을 상쾌하게 감싸며, 라즈베리와 붉은 체리의 풍미가 기분 좋게 느껴진다. 산뜻한 중간맛이 입맛을 돋우며, 기분 좋은 탄닌이 맛의 깊이를 더한다. 깔끔한 뒷맛이 여운을 남기며, 전체적으로 상쾌하고 균형 잡힌 맛을 제공한다."
르 프레스티지 루즈,"Merlot, Cabernet Sauvignon",향: 풀냄새가 감돈다. 맛: 첫맛은 신선하고 부드러우면서도 존재감 있는 탄닌의 느낌이 좋다. 말린 야자대추향과 잘 익은 검은 체리향이 난다. 무게감이 좋고 신선하며 뒷맛이 중간 이상까지 지속된다.
더 셀렉터 쉬라즈,Shiraz,향: 마치 체리주스를 응축시킨 듯한 향이 난다. 맛: 첫맛은 신선하고 과일향이 폭발적이다. 쥬시한 느낌이 극도로 짙고 신선한 맛이 좋아서 굉장히 신선한 맛을 낸다. 표현력이 아주 대단해서 마시는 재미가 있는 와인.
코랄리오 와인메이커스 브랜드,"Syrah, Cabernet Franc,Malbec",향: 블랙커런트와 모과향이 선명하다. 맛: 진하면서도 신선하다. 과즙 많은 과일을 한 입 물듯이 쥬시하고 균형미와 구조감이 모두 좋다. 표현력이 아주 좋은 잘 만든 와인이다.
플라잉 솔로 화이트,"Grenache Blanc 85%, Viognier 15%","향: 마른 나무향과 파인애플 향이 조화롭게 어우러져 독특한 매력을 선사한다. 맛: 부드러운 첫맛이 입안을 감싸고, 잘 익은 열대과일향과 은은한 향신료 느낌이 풍부하게 느껴진다. 부드럽게 적당히 잘 숙성된 느낌이 전해지며, 있는 듯 없는 듯 자연스러운 바디감이 입안을 채운다. 잔잔하게 쌉싸름한 맛이 은근한 매력을 만들어내는 이 와인은 2025년 봄까지 아주 맛있게 마시기 좋다."
오또벤티 그릴로,Grillo,"향: 버터향이 은은하게 느껴지며, 부드러운 첫맛이 입안을 감싸준다. 맛: 진하게 풍겨오는 파인애플향이 풍부하게 퍼지고, 쌉싸름한 뒷맛이 개운하게 마무리된다. 깔끔한 산미와 여운이 조화롭게 어우러져 상쾌함을 더하며, 마시기에 아주 적당히 숙성된 화이트 와인이다. 전체적으로 즐기기에 무난하고 편안한 느낌을 주는 와인."
펠리셋 그르나쉬 블랑,Grenache,"향: 마른 나무향이 은은하게 느껴지며, 함께 버터향이 조화를 이루며 독특한 매력을 더한다. 맛: 부드러운 중간맛이 입안을 감싸고, 잔잔하면서도 점점 진하게 퍼지는 잘 익은 파인애플향이 풍부하게 느껴진다. 적당한 바디감과 풍부한 과일향이 조화를 이루며, 맛은 드라이하면서도 향은 달콤한 반전 매력이 있는 이 와인은, 적당한 우아함이 배어 있어 더욱 매력적인 화이트 와인."
라 마르 데 아레산 베르데호 (유기농),Verdejo,"향: 잔잔하게 달콤한 구스베리향이 기분 좋게 느껴지며, 부드러운 첫맛이 입안을 부드럽게 감싼다. 맛: 기분 좋은 레몬향과 라임향이 상큼한 맛을 더해주고, 신선한 풀냄새가 자연의 상쾌함을 전달한다. 깔끔한 뒷맛이 상쾌함을 더하며, 상큼하게 마시기 좋은 화이트 와인으로 한 여름 날의 즐거운 음료로 손색이 없다."
니바리우스 엔 뗌쁘라니요 블랑코,Tempranillo Blanco,"향: 신선한 바나나향이 상큼하게 느껴지며, 부드러운 첫맛이 기분 좋게 입안을 감싼다. 맛: 강한 산미가 입안을 밝히고, 저돌적인 탄닌이 와인에 힘을 실어준다. 신선한 파인애플향과 설탕에 절인 레몬향이 조화를 이루며, 전체적으로 아주 드라이하고 독특한 매력이 넘치는 화이트 와인."
화이트 퀸 샤도네이,Chardonnay,향: 파인애플향이 감돈다. 맛: 첫맛은 신선하고 전체적인 맛은 섬세하다. 레몬향과 미네랄 느낌이 감돌며 와인맛이 전체적으로 순수한 느낌. 뒷맛이 꽤나 긴 편이라서 더 좋은 와인.
펫저 게부르츠트라미너,Gewurztraminer,"향: 흰꽃향, 캐더멈, 딜 등의 향신료 및 허브향이 난다.  맛: 첫맛은 부드럽다. 살짝 달콤한 맛이 감돌며, 가벼운 미네랄 느낌과 함께 리치와 패션프룻 등의 열대과일향이 풍부하게 감돌아서 마시기가 아주 편하고 뒷맛이 풍부한 와인. ."
디 보톨리 딘 뱃 5,Semillon,"향: 귀부향이 진하게 감돌아 매력적이며, 풍부한 첫맛이 입안을 사로잡는다. 맛: 신선하고 상큼한 산미가 돋보이며, 아카시아 꿀향, 계피향, 로즈마리향 등이 잘 어우러진다. 아주 풍부하면서도 진한 복합미가 느껴지는 디저트 와인으로, 지금 마시기에도 정말 좋다."
인플루엔시아 화이트,"Grenache Blanc, Macabeo",향: 레몬향과 주유소 냄새가 살짝 난다. 맛: 오크향이 살짝 감돌면서 미네랄 느낌이 좋다. 기분 좋게 쌉싸름한 맛이 감돌고 파인애플 주스 같은 느낌이 좋다. 중간 정도의 피니쉬를 보인다.
보나발 브룻-까바,"Macabeo, Parellada",향: 매우 잔잔하며 은은하다.맛: 첫맛이 신선하고 산미가 산뜻하다. 심플하면서 깔끔한 느낌을 준다. 파란사과 향이 나며 탄닌의 느낌이 살짝 있다. 알코올의 느낌이 살짝 높으면서 좋은 맛을 내는 스파클링 와인.
닥터 린드만 포피리 블랑,"Riesling, Gewurztraminer","향: 완전히 익은 파인애플향이 풍부하게 느껴지며, 부드러운 첫맛이 입안을 기분 좋게 감싼다. 맛: 완숙한 패션 프룻향과 파인애플향이 조화롭게 어우러져 깊은 풍미를 제공한다. 약간의 페트롤향이 독특함을 더하며, 가격에 비해 의외로 잘 숙성된 느낌이 돋보인다. 단맛과 산미가 모두 안정적인 디저트 와인."
피콜라 미아 산지오베제 세미 스위트,Sangiovese 100%,"향: 붉은 체리향이 상큼하게 느껴지며, 부드러운 첫맛이 입안을 기분 좋게 감싼다. 맛: 달콤한 딸기향이 풍부하게 다가오고, 신선한 산미가 와인에 생동감을 더한다. 기분 좋게 달콤하면서도 탄산감이 있어 가볍고 화사하게 즐기기에 좋은 레드 디저트 와인."
멜롯  레 부흐가헬,Merlot,"향: 붉은 체리향과 동물향이 난다. 맛: 첫맛은 부드럽고 가죽향, 검은체리 그리고 가을낙엽향이 코끝에 감돈다. 부드러운 산미에 적당한 바디감과 복합미를 보여준다."
라 브르넷 로사토 (내츄럴),"Garnacha Gris, Blanca, Negra",향: 내츄럴 와인 고유의 효모향이 감돈다. 맛: 첫맛이 신선하다. 효모향이 고소하게 나면서 상큼한 맛이 좋다. 신선한 딸기향이 다소 감돈다. 잘 만든 내츄럴 로제 와인이다.
샤또 보류어 보르도 레드 슈페리어,"Merlot, Cabernet Sauvignon",향: 잘 익은 블랙체리향이 감돈다. 맛: 부드럽다. 탄닌맛이 꽤 강하면서도 부드러운 매력이 있다. 알코올 느낌이 살짝 감돌면서 검은 체리향이 좋은 와인. 저렴하면서도 제대로 만든 보르도 레드 와인.
빅벨티 까베르네쇼비뇽,Cabernet Sauvignon 100%,"향: 블랙베리와 잘 익은 검은체리향이 강하다.  맛: 시원한 첫맛을 보이며 오크향과 다크초컬릿향을 낸다. 아주 진하면서도 생각보다 꽤나 부드럽게 느껴지는 탄닌을 보이며, 살짝 높은 알코올의 느낌을 타고 넘어오는 검은 과일향이 좋은 와인이다. 오크숙성이 잘 됐으며, 묵직하고 진한 레드 와인을 원하는 분들에게 좋은 와인"
소비뇽블랑 레 부흐가헬,Sauvignon Blanc,향: 신선한 풀향기가 감돈다. 맛: 첫맛은 부드럽고 아주 약간의 탄산감이 감돌아서 신선한 느낌이 좋다. 잔디향이 부드럽게 감돌아서 다소 밋밋하게 느껴질 여지가 있을 정도로 깔끔한 맛을 낸다. 부드러운 바디감을 느낄 수 있는 마시기 편한 화이트 와인.
뚜렌 에스케일,Sauvignon Blanc,향: 신선한 풀냄새가 감돈다. 맛: 소비뇽 블랑 특유의 풋콩향이 감돈다. 뉴질랜드 소비뇽 블랑과는 달리 맛이 아주 부드럽다. 피니쉬가 상당히 길고 망고향이 감돈다. 균형미와 구조감이 모두 훌륭한 와인.
인플루엔시아 레드,"Garnacha Negra, Carignan",향: 알코올 느낌이 살짝 나면서 잘 익은 검은 과일향이 좋다. 맛: 검붉은 과일향 등의 신선한 과일향이 특히 돋보이는 와인. 탄닌은 부드럽고 산미가 좋으며 미네랄 느낌도 나서 섬세한 매력이 있다.
비스타마 브리샤 메를로,Merlot,"향: 적절히 잘 익은 블랙베리향이 매력적으로 느껴지며, 깔끔한 첫맛이 입안을 감싼다. 맛: 아주 깔끔한 검은 과일향과 딱 좋게 부드러운 탄닌이 조화를 이루고, 살짝 달콤하게 느껴지는 뒷맛이 인상적이다. 이 덕분에 레드 와인이 어색한 초보자들에게도 좋은 와인이다."
께베도 루비,Touriga Franca,"향: 건포도향과 말랑말랑한 건포도의 풍미가 담백하게 느껴지며, 알코올에 절인 체리향이 기분 좋게 어우러진다. 맛: 깔끔한 첫맛이 입안을 감싸고, 심플하면서도 깔끔하고 싱싱한 맛이 이어진다. 말랑말랑한 건포도향이 부드럽게 퍼지며, 깔끔한 뒷맛이 인상적이다. 전체적으로 생생한 루비포트의 매력을 가진 이 와인은 달콤한 레드 와인을 원하는 분을 비롯하여 누구나 좋아할 만한 맛으로, 다양한 상황에서 즐기기 좋은 선택이다."
텔루스 메를로,Merlot,향: 살짝 말린 자두의 풍미가 섬세하게 감도는 와인으로- 대추야자와 잘 익은 검은 과일- 건자두의 향이 깊게 어우러진다. 향이 풍부하고 매력적이며- 전체적으로 과일의 복합미가 느껴진다. 맛: 신선한 첫맛이 입안을 상쾌하게 감싸며- 대추야자와 잘 익은 검은 과일- 건자두의 풍미가 부드럽게 퍼진다. 뒷맛이 꽤 길게 이어지며- 지금 딱 마시기 좋게 숙성이 잘 되어 부담 없이 마시기 편한 레드 와인이다. 전체적으로 균형 잡힌 맛과 적당한 깊이를 제공한다.
포르탈 다 칼카다 로레이로 알바리뇨,"Loureiro, Albariño","향: 설탕에 절인 레몬껍질 향을 중심으로, 가벼운 레몬향과 패션프룻, 파인애플 향이 부드럽게 어우러진다.맛: 부드러운 첫맛과 함께 잘 익은 과일의 복합미가 우아하게 펼쳐지며, 전체적으로 존재감 있으면서도 부담 없이 즐길 수 있다. 뒷맛 역시 부드럽고 산미가 가볍게 기분 좋게 퍼지며, 여운마저 여릿하게 감도는 매력을 지닌 화이트 와인이다."
스텝바이스텝 핑크 모스카토,Moscato,향: 청포도향이 분명하다. 맛: 단 맛이 딱 기분좋고 지나침이 없다. 산미도 좋고 장미꽃잎향이 풍긴다. 심플하면서 색깔도 예쁘고 마시기 좋은- 가벼운 디저트 와인.
미스터 디어 모스카토,Moscato,향: 페트롤향이 독특하게 느껴지며- 기분 좋은 아카시아향이 상큼하게 감돈다. 맛: 시원하면서도 달콤한 첫맛이 입안에 퍼지고- 살짝 묵직하게 느껴지는 달콤한 맛이 부드럽게 이어진다. 탄산감이 없어서 안정적으로 부드러운 맛을 내며- 누가 마셔도 마시기 좋은 달콤한 디저트 와인으로서 그 매력을 발산한다. 전체적으로 부드러운 텍스처와 기분 좋은 향이 조화를 이루는 와인이다.
크레인만 타우니 포트,"Touriga Nacional 25%, Touriga Franca 25%, Tinta Barroca 25%, Tinta Roriz 25%",향: 완전히 말린 건포도향이 깊이 있게 느껴지며- 복합적인 과일 향이 입맛을 돋운다. 맛: 신선한 첫맛이 부드럽게 입안에 퍼지고- 부드러운 탄닌이 안정감을 준다. 이어지는 말린 밤- 땅콩젤리- 호두향이 조화를 이루어 맛의 다양성을 더한다. 복합미까지 서린 이 와인은 아주 잘 만든 디저트 와인으로서- 다양한 상황에서 충분히 즐길 수 있는 매력을 지니고 있다.
인스파이어 베이,Moscato,향: 장미향이 우아하게 퍼지며- 입안에서 신선함을 느낄 수 있다. 맛: 신선한 첫맛이 부드러운 단맛과 함께 시작되고- 떠오르는 청량감이 기분 좋게 이어진다. 기분 좋은 산미가 매우 강하여 단맛이 그리 강하게 느껴지지 않지만- 가벼우면서도 살짝 달콤하며 신선하게 즐길 수 있는 디저트 와인이다. 전체적으로 산뜻한 느낌을 주며- 다양한 상황에서 부담 없이 마시기 좋은 매력을 지닌다.
수르 그랑 리제르바 블랜드,"Cabernet Sauvignon, Merlot",향: 선명한 블랙커런트의 향이 대놓고 풍긴다. 맛: 신선하면서도 부드러운 첫맛이 입안을 감싸고- 잘 익은 블랙커런트의 맛이 아주 적당하게 표현된다. 부드럽고 기분 좋은 탄닌이 전체적으로 균형을 이루며- 깔끔한 뒷맛이 오래도록 여운을 남긴다.
세펠츠필드 파라 그랜드 토니 포트 10년 (200ml),"Grenache,Shiraz,Mourvedre",-
꽈사르 Q 그랑리제르바 까베르네쇼비뇽,Cabernet Sauvignon,"향: 가볍게 화약냄새가 느껴지며, 신선한 첫맛이 입안을 감싼다. 맛: 아주 화려한 느낌의 검은 과일향이 풍부하며, 이 가격대비 정말로 잘 정제된 느낌의 탄닌이 매력적이다. 균형미와 우아함이 뛰어나며, 탄닌의 크기와 질감, 탄닌이 와인과의 동화된 정도가 정말로 훌륭한 와인."
콜롬바이오 디 센시오 몬티첼로 끼안티 클라시코,Sangiovese,"향: 말린 자두향이 부드럽게 느껴지며, 부드러운 첫맛이 입안을 감싼다. 맛: 아주 잘 익은 탄닌이 특징적이며, 잘 익은 검은 체리향이 풍부하게 느껴진다. 와인에 아주 잘 녹아들어 기분 좋게 쌉싸름한 탄닌이 나타나고, 전체적인 구조감이 뛰어난다. 과일향과 알코올, 탄닌 사이의 균형미가 매우 우수한 와인으로, 지금 마시기에 최적의 숙성을 이룬 상태로 보인다."
빌라 콘치 셀렉시온 브뤼 카바,"Macabeo, Parellada, Xarel-lo, Chardonnay","향: 바질향과 함께 말린 살구향, 은은한 말린 나무향이 어우러져 섬세한 아로마를 전한다.맛: 신선한 첫맛과 함께 적절한 산미, 기분 좋은 정도의 탄닌감이 조화를 이루며, 뒷맛에 남는 쌉싸름함이 식욕을 돋워주는, 맛있고 균형 잡힌 스파클링 와인이다."
"아퉁, 블랑드블랑 엑스트라",Chardonnay 100%,"향: 브리오쉬와 바게뜨에서 느껴지는 고소한 베이커리 향과 함께, 살라미 등 육향과 은은한 스모키함이 조화를 이룬다.맛: 풍부한 첫맛과 상당한 바디감, 예쁘게 살아 있는 산미가 인상적이며, 아주 드라이한 피니시가 깔끔하게 마무리된다. 잘 숙성되었으면서도 마무리와 여운이 몹시 세련되고 정제된, 고급스러운 스타일의 샴페인이다."
마운트 피쉬테일 말버러 소비뇽블랑,Suavignon Blanc,"향: 신선한 잔디향이 싱그럽고, 구스베리향이 풍긴다.  맛: 첫맛이 부드럽고 산미가 상큼해서 신선한 느낌을 간직하고 있다.  살짝 부드러운 바디감이 기분좋게 느껴지며, 알코올 느낌이 뒷맛에 기분 좋은 정도로 살짝 올라온다.  깔끔한 뒷맛을 보이는 화이트 와인."
비노스델비엔토 로제,Grenache,"향: 부싯돌향이 독특하게 감도는 와인으로, 신선한 첫맛과 함께 부드럽고 은은한 장미향이 기분 좋게 퍼진다. 신선한 라즈베리의 향이 입안을 상큼하게 감싸며, 향 전체가 신선하고 복합적이다. 맛: 신선한 첫맛이 입안을 상쾌하게 깨우며, 매우 강한 산미가 입맛을 돋운다. 부드럽고 은은한 장미향이 맛의 조화를 이루며, 신선한 라즈베리의 풍미가 뚜렷하게 느껴진다. 깔끔한 뒷맛이 여운을 남기며, 산미가 워낙 높아서 고급자에게 추천할 만한 와인이다."
콜레프리시오 비앙코,Sauvignon Blanc 25% Falanghina 25%  Trebbiano 25% Traminer 25%,"향: 갓 자른 잔디향과 진한 구스베리향이 청량하게 퍼진다.맛: 산미가 높으면서도 부드러운 질감을 갖췄다. 청량함, 산미, 바디감이 균형 있게 어우러지며, 약간의 탄닌감과 긴 피니쉬까지 느껴지는 복합적인 화이트 와인."
디스커버리 일 미네스트로네 ,Shiraz etc,"향: 붉은 과일의 풍미가 풍부하게 감도며, 검은 과일향과 동시에 짙게 퍼진다. 두 가지 과일향이 조화롭게 어우러져 향의 깊이를 더한다. 맛: 부드러운 첫맛이 입안을 편안하게 감싸며, 적절하게 부드러운 탄닌이 맛에 균형을 맞춘다. 붉은 과일향과 검은 과일향이 동시에 짙게 풍기며, 바디감과 풍미가 모두 뛰어난 와인을 제공한다. 뒷맛도 우수하여 전체적으로 균형 잡히고 만족스러운 와인."
깁슨 마이달링 바로사 멜롯,Merlot,"향: 민트의 신선한 향이 상큼한 첫맛과 함께 시작되며, 잘 익은 붉은 과일과 검은 과일향이 동시에 풍부하게 올라온다. 복합미가 조화롭게 어우러진다. 맛: 상큼한 첫맛이 입안을 산뜻하게 열어주며, 딱 기분 좋은 정도로 잘 익고 잘 녹아든 탄닌이 맛에 깊이를 더한다. 잘 익은 붉은 과일과 검은 과일의 풍미가 입안에 가득하며, 기분 좋은 산미가 맛을 한층 더 생동감 있게 만든다. 균형미가 매우 훌륭한 레드 와인으로, 전체적으로 만족스러운 맛과 향을 제공한다."
플로헝스 퀴베 드 빌라쥬,"Marsanne, Roussanne, Grenache Blanc",향: 버터향이 감돈다. 맛: 바디감이 살짝 가벼우면서 섬세한 과일향을 낸다. 말린 복숭아향과 함께 놀라울만큼 긴 피니쉬를 내는 와인. 상당히 쌉싸름 하지만 기분 좋은 쌉싸름 한 맛을 낸다. 오크향과 버터향이 감돌고 맛이 부드럽다.
도멘 흐모리께 브루고뉴 알리 고떼,Aligote,향: 향이 아직 닫혀있다. 맛: 향과 맛이 모두 매우 섬세하다. 다소 밋밋하다고 느껴질 수도 있는 맛과 바디감을 보인다. 살짝 쌉싸름한 맛을 내면서도 피니쉬가 매우 길다. 와인에 미친 고급자들만 즐길 수 있는 섬세함을 지닌 와인.
도멘 흐모리께 오뜨 꼬뜨 드 뉘 블랑,Chardonnay,향: 강가에서 주운 차돌끼리 부딪혔을 때의 향이 난다. 맛: 신선하고 우아하며 섬세하고 감칠맛이 돈다. 신선한 느낌이 강렬해서 좋고 레몬 및 라임 껍질 향이 감돌며 미네랄 느낌을 준다. 중간 규모의 구조감이 단단하게 짜여있는 고급스러운 와인이다.
라 브르넷 블랑,Garnacha Blanca,"향: 고소한 효모향이 난다. 맛: 첫맛은 신선하고 지속되는 맛이 전체적으로 깔끔하다. 산미가 좋고 약간의 탄닌감이 느껴지며 상당히 드라이한 와인이다. 버터향이 꽤나 짙고, 뒷맛이 신선하면서도 오래 지속이 되는 와인."
뤼 뒤 라부아 카베르네 소비뇽,Cabernet Sauvignon 100%,"향: 풍선껌의 달콤한 향과 오크향이 조화를 이루며, 상큼한 붉은 과일향과 특히 딸기향, 장미향이 입안을 감싼다. 맛: 신선하면서도 부드러운 첫맛과 함께 유산발효향(요거트향)이 더해지며, 기대 이상의 피니쉬가 특징적이다. 평범하지 않은 매력을 지닌 와인으로, 신선함과 과일향이 잘 어우러진다. 아주 재미있는 팔색조의 와인으로, 살짝 단 듯한 레드 와인을 좋아하는 분께 추천하기 좋다."
수아그나 로제,"Moscato 95%, Brachetto 5%","향: 달콤한 향과 모스카토 청포도의 향이 조화롭게 어우러지며, 장미향과 라즈베리향이 기분 좋게 퍼진다. 맛: 스윗한 첫맛이 입안을 부드럽게 감싸고, 상큼한 뒷맛이 이어지며 입안에서 즐거운 느낌을 준다. 심플하면서도 마시기 아주 쉽고 즐거운 스파클링 와인으로, 초보자에게 너무나도 좋은 선택이다."
오스완 디플로맷 50,Shiraz,"향: 살짝 말린 자두향과 건포도향이 감도는 가운데, 약간의 알코올 느낌이 함께 어우러져 따뜻한 첫인상을 준다. 맛: 부드러운 첫맛이 입안을 감싸고, 여유롭게 잘 익은 검은 과일향이 고소하게 느껴진다. 블랙베리와 약간의 블루베리향이 더해져 풍성한 과일의 향미를 전한다. 아주 부드러운 산미가 조화를 이루며, 딱 기분 좋게 올라오는 알코올의 느낌이 균형을 잘 잡아준다. 균형미가 좋아서 마시기 부드러우며, 과일향이 예쁜 레드 와인."
오스완 디플로맷 70,Shiraz,"향: 잘 익은 검은과일향이 풍부하게 느껴지며, 첫인상에서부터 깊이 있는 매력을 발산한다. 맛: 부드러운 첫맛이 입안을 감싸고, 아주 잘 익고 복합적인 과일향과 익은 부케향이 조화롭게 어우러져 뛰어난 풍미를 자아낸다. 딱 기분 좋은 신선함을 만들어 내는 적당히 높은 산미가 와인에 생동감을 더하고, 매우 잘 익은 상태의 시음 최적기 와인으로 자리잡는다. 신선함과 복합미, 영글은 탄닌의 정도, 산미 간의 균형미가 매우 뛰어난 와인."
비스타마 브리샤 카베르네소비뇽,Cabernet Sauvignon,"향: 체리와 그린 올리브의 향이 조화롭게 어우러져 매력적인 첫인상을 준다. 맛: 부드러운 첫맛이 입안을 감싸고, 블랙커런트와 블랙베리향이 더해져 풍부한 과일의 풍미를 선사한다. 심플하면서도 깔끔한 맛이 와인 전체에 걸쳐 일관되게 느껴지며, 기교를 부리지 않은 정직한 레드 와인의 느낌이 특히 좋다. 이런 간결함 속에서 느껴지는 복합적인 맛이 와인의 깊이를 더하며, 만족스러운 경험을 제공한다."
블루랍스터 브뤼,Chardonnay,"향: 레몬과 사과향이 조화를 이루며 상큼한 느낌을 준다. 맛: 부드러운 첫맛이 입안을 부드럽게 감싸고, 가벼운 빵굽는 향이 독특한 매력을 더한다. 레몬향과 라임향이 생동감 있게 느껴지며, 바나나향이 살짝 올라와 부드러운 풍미를 전달한다. 상당한 산미가 감돌며 신선함을 유지하고, 적당히 복합적이면서도 깔끔한 뒷맛이 여운을 남겨준다."
히피 소비뇽 블랑,Sauvignon Blanc,"향: 미네랄 느낌이 입안에 신선한 감각을 선사하며 시작된다. 맛: 신선하고 가벼운 첫맛이 입안을 상쾌하게 감싸고, 산뜻하면서 청량한 중간맛이 계속 이어진다. 아주 우아하면서도 선명하게 감도는 미네랄 느낌이 와인의 깊이를 더하며, 정말 기분 좋게 쌉싸름한 탄닌이 조화를 이룬다. 산도가 높으면서도 부드럽게 이어지는 뒷맛이 매끄럽게 다가오고  아주 긴 여운이 느껴진다."
블루랍스터 샤도네이,Chardonnay,"향: 잘 익은 복숭아향이 풍성하게 느껴져 기분 좋은 시작을 알린다. 맛: 부드러운 첫맛이 일상적인 포근함을 선사하고, 부드러운 질감이 입안을 감싸며 섬세한 풍미를 만들어낸다. 아주 기분 좋게 적당한 산미가 균형을 잡으며, 껍질콩향과 설탕에 절인 레몬껍질향이 독특한 조화를 이루어낸다. 적당한 뒷맛이 남아 여운을 주어, 전체적으로 우아하고 만족스러운 경험을 선사한다."
도멘 게이다 샤르도네,Chardonnay 100%,"향: 파인애플과 가벼운 오크향이 어우러져 상큼하고 매력적인 인상을 준다. 맛: 신선한 첫맛이 입안을 깨우고, 미네랄 느낌이 입에 지닌 느낌을 더욱 뚜렷하게 한다. 적절하게 풍부한 바디가 와인의 깊이를 더하고, 기분 좋게 쌉싸름한 탄닌이 균형을 맞춘다. 아주 적당한 수준의 오크숙성이 풍부함을 더하며, 요오드향과 기분 좋은 복합미가 다채로운 맛의 층위를 형성한다. 긴 뒷맛과 여운이 남아, 균형미가 아주 좋은 화이트 와인."
코라지오,"Malvasia 50%, Trebbiano 50%","향: 오렌지 껍질 향이 깔끔하게 난다.맛: 부드러운 첫 맛이 중간 이상까지도 계속해서 이어진다. 맛이 풍부하며 부드러운 탄닌감이 좋다. 좋은 균형미와 중간이상의 지속성을 보이며 뒷맛이 좋은 부드러운 와인이다. 오렌지, 감, 파인애플 및 패션후르츠 같은 열대과일 향이 선명하다. 오렌지 와인을 마시려면 이런 오렌지 와인을 마셔야 한다."
오로파쏘,"Garganega, Chardonnay","향: 은은한 미네랄 느낌과 함께 숙성에서 비롯된 깊은 아로마가 느껴지며, 오크 숙성의 흔적은 있지만 향 자체는 절제되어 있다.맛: 부드러운 첫맛과 함께 오렌지 껍질을 연상시키는 강한 쌉싸름함이 인상적이며, 탄닌의 존재감이 상당히 뚜렷하게 드러난다. 신선한 느낌보다는 숙성된 매력을 지니고 있으며, 씀바귀처럼 입맛을 돋우는 드라이한 스타일로, 중고급자들에게 특히 어필할 수 있는 개성 강한 화이트 와인이다."
비냐 산 후안 그랑 셀렉시옹,Tempranillo 100%,향: 오래된 가죽향이 난다. 맛: 첫맛이 부드러우면서도 탄닌느낌이 꽤나 강하다. 신선한 탄닌의 맛을 내며 선도가 좋은 딸기와 체리향을 낸다. 전체적으로 신선하면서도 무게감이 있는 레드 와인.
샤또 말투스,"Merlot, Cabernet Franc","향: 잘 익은 블랙베리향을 중심으로, 검은 과일과 붉은 과일향이 풍부하게 어우러진다.맛: 신선한 첫맛과 함께 미네랄 느낌이 깔끔하게 전달되며, 잘 익으면서도 짙고 매우 드라이한 탄닌이 인상적이다. 절제된 균형미와 긴 여운이 돋보이며, 지나침도 부족함도 없이 우아하게 잘 완성된 레드와인이다."
킹 래빗 까베르네 소비뇽,Cabernet Sauvignon,"향: 붉은 체리의 향이 상큼하게 퍼져 매력적인 첫인상을 남긴다. 맛: 신선한 첫맛이 입안을 환하게 감싸고, 입안 가득히 느껴지는 붉은 과일향이 풍성하게 다가온다. 적절한 바디감이 와인의 균형을 이루며, 뒷맛에서 느껴지는 미네랄 느낌이 전체적인 맛을 더욱 깊고 풍부하게 만들어준다. 산뜻하고 매력적인 풍미의 와인."
비스타마 보더발레 리제르바 카베르네 소비뇽,Cabernet Sauvignon,"향: 붉은 체리향이 상큼하게 느껴진다. 맛: 신선한 첫맛에 아주 분명하게 풍기는 붉은 과일향, 특히 붉은 체리와 라즈베리향이 도드라지게 나타난다. 존재감 있으면서도 부드러운 탄닌이 와인에 깊이를 더하며, 활력이 넘치는 맛이 마시는 내내 생동감을 준다. 아주 잘 만든 영한 느낌의 레드 와인."
모티프 까베르네 소비뇽,Cabernet Sauvignon,"향: 라즈베리향이 상큼하게 퍼진다. 맛: 부드러운 첫맛이 입안을 감싸고, 적당하게 기분 좋은 탄닌감과 밀키함이 조화를 이룬다. 표현력과 균형미가 모두 뛰어난 이 와인은, 마시는 내내 만족감을 준다. 미네랄 느낌으로 끝나는 피니쉬가 매력적으로 마무리되어, 전체적으로 훌륭한 경험을 선사하는 와인."
카노 템프라니요 가르나차,"Tempranillo 75%, Garnacha 25%","향: 오크향이 은은하게 느껴진다. 맛: 부드러운 첫맛이 입안을 감싸고, 붉은 과일향과 검은 과일향의 조화가 풍부하게 펼쳐진다. 적절하고 신선한 탄닌의 느낌이 와인의 질감을 부드럽게 하며, 살아있는 산미가 생동감을 더한다. 적절하게 올라오는 알코올 느낌이 마시는 내내 균형을 유지하며, 다양한 과일향을 즐기면서 부담 없이 마시기에 좋은 와인."
영 어덜트 쁘띠 쉬라,Petit Syrah,"향: 짙은 검은과일향이 강렬하게 퍼지며 강한 첫인상을 남긴다. 맛: 인상적으로 강렬한 첫맛이 입안을 강하게 감싸고, 아주 묵직한 무게감이 느껴진다. 진하고 타이트한 탄닌이 와인의 구조를 탄탄하게 만들어주며, 지속적으로 검은 과일향이 입 안에 남아 깊이 있는 맛을 선사한다. 아주 파워풀한 이 와인은 무겁고 진한 와인을 좋아하거나 이를 경험하고자 하는 분들에게 꼭 추천하고 싶은 선택이다."
플라잉 솔로 레드,"Grenache Noir 60%, Syrah 40%","향: 라벤더향이 매혹적으로 퍼져 첫인상에서부터 특별한 매력을 발산한다. 맛: 풍부한 첫맛이 입안을 감싸며, 상쾌하면서도 묵직한 맛이 현저하게 느껴진다. 입안 가득히 퍼지는 라벤더향이 와인에 독특함을 더하고, 탄닌 느낌이 꽤나 까끌까끌하게 존재감을 발휘하는, 진한 와인."
웨이크필드 이스테이트 쉬라즈,Shiraz,"향: 기분 좋은 나무향이 은은하게 퍼져 따뜻한 느낌을 준다. 맛: 부드러운 첫맛에 진한 검은과일향이 강하게 느껴진다. 혀를 꽉 조이는 강한 탄닌이 와인의 구조를 탄탄하게 만들어주며, 쥬시한 느낌이 입속에서 살아있음을 느끼게 한다. 드라이한 탄닌이 더해져 매우 묵직하고 진한 풀바디 와인."
라보엠 쉬라 가메,"Syrah, Gamay","향: 짙은 훈제향이 매력적으로 느껴진다. 맛: 상큼한 첫맛에 신선한 산미가 생동감을 더한다. 숙성미와 복합미가 잘 조화를 이루며, 잘 익은 라즈베리향이 강하게 풍긴다. 가격에 비해 매우 수준 높게 잘 숙성된 와인."
라 치아라 가비 디 가비,Cortese,"향: 파인애플향 등 열대과일향과 바닐라향이 조화롭게 어우러져 상큼하고 매력적인 첫인상을 준다. 맛: 드라이한 첫맛이 입안을 깨우며, 풍부한 과일향이 입안에 퍼진다. 오크향이 아주 적절하게 느껴지며, 맛은 매우 드라이하고 섬세한 느낌을 갖춘다. 여운이 매우 우아하게 이어지며, 복합미와 뒷맛이 뛰어나고, 구조감과 균형미 역시 매우 훌륭하다. 드라이하고 복합미, 우아함을 갖춘 화이트 와인."
넬레만 올데이롱 뗌쁘라니요,Tempranilo 100%,"향: 검은체리향과 블랙베리향이 풍부하게 느껴지며, 진한 첫맛이 인상적이다. 맛: 진하고 부드러운 탄닌이 특징이며, 굉장히 잘 익고 향기로운 과일향이 매력적이다. 짙은 탄닌 느낌이 여운까지 이어지며, 이 가격에 비해 믿기 어려울 정도로 완성도 높은 무게감을 보여주는 레드와인."
메종 샹피 부르고뉴 샤도네이 뀌베 에드메,Chardonnay 100%,"향: 고소한 버터향이 가볍게 코 끝을 스치며, 부드러운 첫맛이 입안을 감싸준다. 맛: 점점 진해지는 오크향이 매력적으로 다가오고, 잔잔하고 지속적으로 풍겨오는 열대과일향이 좋은 느낌을 준다. 섬세함을 갖추고 있는 이 와인은 깨끗하고 깔끔하게 떨어지는 뒷맛이 인상적이다."
샤또 물랭 드 클로트 로센티크,"Merlot 50%, Cabernet Franc 50%","향: 라즈베리향이 상큼하게 느껴지며, 신선한 첫맛이 인상적이다. 맛: 상큼한 붉은 과일향이 어우러지고, 아주 진하게 풍기는 잘 익은 체리향이 매력적이다. 촉촉하게 쥬시한 느낌과 함께 신선하면서도 적당히 잘 익은 탄닌의 느낌이 좋다. 타이트한 구조감의 미디엄 바디 레드 와인."
비주엘라 셀렉시온,Tempranillo,"향: 블랙베리향이 풍부하게 느껴지며, 부드러운 첫맛이 인상적이다. 맛: 진하고 밀도가 높으면서도 아주 부드러운 탄닌이 특징이며, 적절한 산미와 기분 좋은 뒷맛이 매력적이다. 잘 익은 검은 과일향이 기분 좋게 풍기며, 순수하게 포도로부터 비롯된 탄닌 느낌이 묵직한 레드 와인."
"샤또 롱보, 리브잘트 앙브레","Grenache 75%, Macabeu 25%","향: 구운 밤향이 풍부하게 느껴지며, 높은 알코올향이 감도는 것이 인상적이다. 맛: 부드럽게 잘 산화된 느낌과 함께 구운 밤, 대추차, 대추야자, 계피향 등이 복합적으로 어우러져 있다. 달콤하면서도 적절한 산미를 유지하고 있어, 맛있게 잘 만든 강화와인."
"세븐 힐스, 왈라왈라 벨리 까베르네 소비뇽","Merlot 60%, Zinfandel 30%, Petite Sirah 10%","향: 정향, 계피향, 오크향이 매력적으로 어우러지며, 부드러운 첫맛이 입안을 감싼다. 맛: 오크향과 잘 익은 검은 과일향, 각종 향신료향, 검은 후추향 등의 향의 복합미가 매우 뛰어난다. 아주 적절히 잘 익은 포도를 오크통에 적당히 진하게 숙성시켜서 맛있게 만든 풀바디 레드 와인."
알람브레 모스카텔 드 세투발,Moscatel de Setubal,"향: 아니스향이 매력적으로 느껴지며, 부드러운 첫맛이 인상적이다. 맛: 강화주로서의 적절한 복합미가 느껴지며, 기분 좋은 단맛이 조화를 이룬다. 찐 가을밤향과 적절한 산미가 더해지며, 균형 잡힌 여운이 남는다. 마시기 편하고 기분 좋게 적절한 복합미가 좋은 디저트 와인."
치로 로자토,Gaglioppo,"향: 가볍게 풍기는 신선한 팝콘향이 매력적으로 느껴지며, 부드러운 첫맛이 인상적이다. 맛: 잔잔한 탄닌감과 짙게 풍기는 잘 익은 라즈베리향이 어우러진다. 로제로서는 상당히 묵직한 바디감이 특징이며, 아주 가벼운 잔당감과 함께 묵직한 무게감이 부드럽게 느껴지는 질감을 만들어낸다. 로제로서는 드물게 상당한 복합미를 보이는 잘 만든 와인."
그라티아스 소이,Bobal 100%,"향: 아주 잘 익은 블랙체리향이 풍부하게 느껴지며, 신선한 첫맛이 인상적이다. 맛: 꽤나 강한 탄닌과 함께 쥬시한 느낌이 매력적이다. 촘촘하면서도 굉장히 드라이한 탄닌이 입안을 감싸고, 신선한 붉은 체리향과 진하게 풍기는 라즈베리향이 잘 어우러진다. 적당한 무게감을 보이면서 풍부한 과일향과 함께 아주 드라이한 맛을 느낄 수 있는 레드 와인으로, 중고급자용 와인."
"파논할마 수도원, 소비뇽블랑",Sauvignon Blanc 100%,"향: 열대 과일의 풍미가 가득하며, 망고와 레몬, 라임, 자몽의 상큼한 향이 조화롭게 감돈다. 은은하게 바나나 향이 뒷받침한다.맛: 살짝 느껴지는 탄산의 청량감이 매력적이며, 섬세하면서도 깔끔하게 마무리된다. 상쾌한 과일 풍미와 완성도 높은 균형감을 느낄 수 있다."
"파논할마 수도원, 리슬링",Rheinriesling 100%,"향: 복숭아와 살구의 달콤한 향이 코끝을 감싸며, 레몬과 시트러스의 상큼함이 조화를 이룬다.맛: 첫맛은 신선하고 미네랄의 섬세함이 돋보인다. 상큼한 산미와 깔끔한 맛이 어우러지며, 뒷맛에서는 시트러스와 레몬의 산뜻함이 여운을 남긴다."
도맨 마비 벨 칸토,Grenache Noir,"향: 검은과일향과 붉은과일향이 조화롭게 어우러지며, 부드러운 첫맛이 인상적이다. 맛: 끝까지 잘 익은 과일향이 느껴지며, 매우 드라이한 탄닌과 적절한 산미, 쥬시함이 매력적이다. 스파이시한 향신료의 느낌이 더해져 육두구향과 검은후추향이 감돈다."
알프레도 마에스트로 엘 레이 델 글램,Grenache 100%,"향: 잘 익은 검은체리향이 풍부하게 느껴지며, 부드러운 첫맛이 입안을 감싼다. 맛: 기분 좋은 감칠맛과 함께 적당히 드라이한 느낌이 있으며, 부드러운 탄닌이 매력적이다. 아주 잘 익어서 와인에 완벽하게 융화된 탄닌이 조화를 이루고, 연약한 듯하면서도 그에 맞지 않게 우아하고 아주 부드러운 느낌을 준다. 아주 길고 아름다운 여운이 남아 깊은 인상을 남긴다."
온온,"쌀, 찹쌀, 누룩, 포도, 사과, 레몬, 오미자, 시나몬, 정향, 팔각 등","향: 계피향이 매력적으로 느껴지며, 부드러운 첫맛이 입안을 감싼다. 맛: 곶감향, 계피향, 정향 등이 부드럽고 풍부하게 풍기며, 적당히 달면서도 산미가 좋은 술이다. 뒷맛도 좋고 여운이 깔끔하면서 길게 이어진다. 개성 있고 균형미가 뛰어나는 잘 만든 술이다."
퇴를러 아우스테른칼크 리슬링,Riesling,"향: 미네랄 느낌이 상큼하게 퍼지며, 신선한 첫맛이 인상적이다. 맛: 높은 산미로 인해 아주 기분 좋은 청량감이 느껴지며, 입안에서도 강렬한 미네랄 느낌이 강하게 다가온다. 매우 깔끔하고 섬세하며, 극도로 우아한 화이트 와인."
폴인러브,"Chardonnay, Furmint, Sargamuskotaly, Sauvignon Blanc","향: 청포도향이 상큼하게 퍼지며, 청량한 탄산가스가 느껴진다. 맛: 향은 매우 달콤한 데 반해, 맛은 드라이한 매우 특이한 와인이다. 청량한 느낌이 좋고, 우아한 질감을 보이는 매우 잘 만든 화이트 와인이다."
비스타마 보더발레 리제르바 샤르도네,Chardonnay,"향: 구스베리향이 상큼하게 느껴지며, 부드러운 첫맛이 입안을 감싼다. 맛: 살짝 달콤한 중간맛과 적절한 산미가 조화를 이루고, 잘 익은 복숭아향이 더해진다. 단맛이 살짝 감돌아 초보자가 마시기에 아주 좋은 화이트 와인."
콜레프리시오 비그나쿼드라 페코리노,Pecorino 100%,"향: 아카시아향이 상큼하게 퍼지며, 신선한 첫맛이 입안을 감싼다. 오렌지향이 더해져 매력적인 향을 형성한다. 맛: 질감은 부드럽고 향은 잔잔하면서도 바디감을 갖춘 와인으로, 쌉싸름한 느낌이 꽤 강하게 느껴진다. 각 요소를 천천히 감상하기에 좋은 와인이나, 수준이 높아 중고급자에게 권하는 와인."
비스타마 브리샤 샤르도네,Chardonnay,"향: 흰꽃향기가 상큼하게 퍼지며, 부드러운 첫맛이 입안을 감싼다. 맛: 꽃향기와 잘 익은 살구 등의 과일향이 상당히 강하게 느껴진다. 쌉싸름한 뒷맛이 매력을 더하며, 깔끔하게 마시기 편한 화이트 와인."
레드 뱃,"Grenache, Merlot, Cabernet Sauvignon, Syrah Blend","향: 붉은 과일향이 풍부하게 느껴지며, 꽤나 강한 미네랄 느낌이 인상적이다. 맛: 상당히 높은 산미와 함께 매우 신선한 맛이 느껴지며, 적당히 진한 탄닌의 느낌이 좋다. 부드러움과 우아한 섬세함이 적절히 조화되어 고급스러운 맛을 내는 와인."
샤또 콩트 세귀르,"Merlot, Cabernet Sauvignon, Malbec","향: 잘 익은 검은 과일향과 가벼운 가죽향이 조화를 이루며, 신선한 첫맛이 인상적이다. 맛: 부드럽고 선명한 검은 과일향이 느껴지며, 가볍고 신선하게 풍기는 풀향기가 더해진다. 아주 선명하고 분명한 블랙베리향이 최적으로 잘 익은 상태로 표현된다."
라 까나이 루즈,"Mourvedre, Grenache, Syrah","향: 짙게 풍기는 붉은체리향이 매력적으로 느껴지며, 부드러운 첫맛이 입안을 감싼다. 맛: 너무나도 실키하고 부드러운 탄닌이 특징이며, 한없이 부드러운 바디감이 인상적이다. 과일향이 아주 잘 녹아들어져 있으며, 이 가격대에서 바랄 수 있는 균형미와 구조감이 정말로 완벽하다."
루 갯 퍼플,"Colombard, Gros Manseng, Ugni Blanc","향: 강황 및 딜 등의 향신료와 허브향이 인상적으로 느껴지며, 신선한 첫맛이 입안을 감싼다. 맛: 탄닌이 꽤 있으면서도 아주 부드럽고, 부드러움 속에서 탄닌의 존재감이 분명히 드러난다. 향은 잔잔하면서도 향신료 느낌이 주가 되며, 오묘한 탄닌의 매력이 돋보이는 좋은 레드 와인."
"도멘 롱보, R 그르나슈",Black Grenache 100%,"향: 잘 익은 검은 과일향과 가볍게 풍기는 동물향이 어우러져 복합미가 느껴진다. 맛: 부드러운 첫맛이 입안을 감싸며, 까끌까끌한 느낌을 주는 어린 탄닌이 매력적이다. 과일향과 산미가 모두 좋으며, 향도 훌륭하다. 가격대에 비해 상당히 묵직하고 기운 넘치는 탄닌을 지니고 있으며, 진한 맛을 내는 레드 와인."
피노 누아 레 부흐가헬,Pinot Noir,"향: 신선한 붉은 체리향이 인상적으로 퍼지며, 부드러운 첫맛이 입안을 감싼다. 맛: 살짝 달콤한 중간맛이 느껴지며, 선명한 붉은 과일향이 풍부하게 나타난다. 가볍게 달콤하면서도 부드러운 맛을 자랑하며, 과일향이 선명해 초보자들이 즐기기에 아주 좋은 레드 와인."
프루노토 모스카토 다스티,Moscato,"향: 아카시아 꿀향이 풍부하게 느껴지며, 부드러운 첫맛이 인상적이다. 진한 꿀냄새가 감돌아 달콤함을 더한다. 맛: 청량한 산미가 잘 살아 있고, 매우 짙은 풍미의 아카시아향이 뒤따른다. 뒷맛도 진하며 여운이 길어 상당히 수준이 높은 모스카토 다스티이다."
마지스 리미티드 레제르바 까르미네르,Carmenere,"향: 검은과일향과 가벼운 오크향이 잘 어우러지며, 신선한 첫맛이 인상적이다. 맛: 아주 쥬시하면서 부드러운 탄닌감이 느껴지며, 매끄러운 질감이 특징이다. 깔끔한 검은과일향의 뒷맛이 남으며, 정말 예쁘게 떨어지는 여운이 인상 깊다."
보르고 임페리얼 스푸만테 모스카토 돌체,Moscato,"향: 신선한 청포도향이 상큼하게 퍼지며, 기분 좋은 달콤함을 예고한다.맛: 신선한 첫맛과 부드러운 질감, 기분 좋은 단맛이 조화를 이루고, 은은한 탄산감과 함께 깔끔한 뒷맛이 인상적이다. 달콤하면서도 산뜻하게 마무리되는, 매우 맛있는 모스카토다."
페노메노 모나스트렐,Monastrell,"향: 붉은 체리사탕향이 상큼하게 느껴지며, 부드럽고 아주 풍요로운 첫맛이 입안을 감싼다. 맛: 촉촉한 중간맛과 신선하면서 아주 잘 정제된 실키한 탄닌이 매력적이다. 딱 좋은 무게감과 산미의 균형이 뛰어나, 겁나 잘 만들어서 아, 맛있다! 라는 감탄사가 절로 나오게 하는 와인."
페우디 라크리마 크리스티 로쏘,"Piedirosso, Aglianico","향: 잘 익은 붉은 과일향이 풍부하게 느껴지며, 신선한 첫맛이 인상적이다. 맛: 부드러운 탄닌과 함께 아주 꽉 채워진 농익은 붉은 과일향이 매력적이다. 잘 성숙하고 와인에 잘 녹아든 양질의 탄닌이 특징이며, 신선하면서도 지금 2025년도에 마시기에 너무 좋은 레드 와인."
미스터 디어 까베르네 소비뇽,Cabernet Sauvignon,"향: 붉은 과일향과 살짝의 모과향이 조화롭다.맛: 부드러운 첫맛, 가벼운 스모키함, 잘 익은 검은 과일향이 어우러져 있다. 부드럽고 잘 익은 탄닌감이 살짝의 복합미를 더한다."
알프레도 마에스트로 로바모얼,Albillo 100%,"향: 오렌지향이 상큼하게 느껴지며, 신선한 첫맛이 입안을 감싼다. 맛: 부드러운 전개와 함께 아주 가볍게 풍기는 오렌지향이 매력적이다. 가벼운 감칠맛이 더해져, 숙성미와 신선함을 동시에 갖춘 매력 있는 화이트 와인이다."
마이펫 템프라니요,Tempranillo 100%,"향: 가볍게 풍기는 검은 과일향이 매력적으로 느껴지며, 부드러운 첫맛이 입안을 감싼다. 맛: 신선한 산미와 곱게 잘 익은 탄닌이 조화를 이루며, 적절한 숙성미와 복합미가 돋보인다. 아주 곱게 잘 숙성되어 촉촉하고 신선한 느낌이 참 좋으며, 정말 맛있는 레드 와인이다."
마제스틱 샤도네이,Chardonnay,.
바르치노 까바 벨 에어포크,"Macabeo, Xarel·lo, Parellada  ","향: 가벼운 페트롤향과 함께, 신선한 첫맛에 이어 가벼운 레몬향이 느껴진다.맛: 매우 깔끔한 산미와 함께, 가격대에서 기대할 수 있는 정도 이상으로 드라이하며 깨끗하게 잘 만든 스파클링 와인이다. 깔끔하고 드라이한 느낌이 지속되며, 섬세한 산미가 더해진다."
생콤 리틀제임스 블랑,"Viognier, Sauvignon Blanc  ","향: 미네랄 느낌이 우러나며, 진한 과일향과 함께 살짝 말린 살구향, 설탕에 절인 복숭아향이 감돌고 있다.맛: 부드럽게 시작되며, 가볍게 느껴지는 탄닌과 적당히 올라오는 알코올 느낌이 바디감을 형성한다. 신선하고 풍부한 맛이 느껴지며, 전체적으로 균형 잡힌 화이트 와인이다."
미 프리메르 에로에,Tempranillo  ,"향: 검은 과일향과 함께 기분 좋은 오크향, 다크초콜릿향이 섞여 깊고 풍부한 향을 만들어낸다.맛: 촉촉한 첫맛에 이어, 존재감 있으면서도 아주 잘 다듬어진 질감이 특징이다. 블랙베리, 블랙커런트 등의 완벽하게 잘 익은 향과 함께 산미와 질감의 균형이 매우 뛰어나다. 뒷맛과 여운까지도 훌륭하며, 이 가격대에서 더 이상 바랄 게 없는 완벽한 와인이다."
빌라벨라 바르돌리노 끼아레토 클라시코 ,"Corvina, Rondinella  ","향: 말린 살구향이 인상적이며, 짙게 풍기는 페트롤향과 잘 말린 나무향이 함께 어우러진다.맛: 부드러운 첫맛에 산미가 잘 살아있고, 가볍게 쌉싸름하면서도 깔끔하고 드라이한 느낌이 강하다."
크라우디드 하우스 소비뇽블랑,Sauvignon Blanc  ,향: 갓 자른 잔디와 잘 익은 레몬의 상큼함이 매력적이다. 첫맛은 신선하며 높은 산미가 전형적인 뉴질랜드 소비뇽 블랑의 특징을 잘 보여준다.
말바시아 네라 살렌토,Malvasia Nera,"향: 잘 익은 검은체리향이 진하고 매력적으로 다가온다. 맛: 부드러운 첫맛이 입안을 감싸며, 무게감 있는 바디가 안정감을 준다. 진하게 잘 익은 검은과일향이 풍부하게 느껴지고, 기분 좋은 산미가 와인의 균형을 잘 유지한다. 가격 대비 상당한 탄닌감이 느껴진다. 묵직하게 잘 익은 레드 와인."
베니텐데 끼안티 슈페리오레,Sangiovese,"향: 장미향과 블랙베리향이 어우러져 우아하고 매혹적인 첫인상을 준다. 맛: 상큼한 첫맛이 입안을 밝히며, 바로 느껴지는 복합미가 와인의 깊이를 더한다. 신선한 산미가 조화를 이루어 상쾌함을 더하고, 상당히 섬세하면서도 촘촘한 탄닌감이 입체감을 느끼게 한다. 고급스러운 뒷맛과 여운이 남는 와인."
콜레프리시오 프레스티지 몬테풀치아노,Montepulciano 100%,"향: 진한 오크향과 검은과일향이 풍부하게 느껴지며, 진한 첫맛이 입안을 감싼다. 맛: 아주 강한 탄닌과 과일향이 인상적이며, 진짜 짙은 향신료 느낌, 특히 아주 진한 검은 후추향이 매력적이다. 매우 진하고 짙으면서도 쥬시한 맛이 느껴지며, 탄닌은 부드럽지만 진한 묵직한 레드 와인."
피러 패러 메를로,Merlot,"향: 잘 익은 붉은 체리향과 은은한 오크향이 어우러져 매력적으로 퍼진다. 맛: 부드러운 첫맛이 입안을 감싸며, 붉은 체리향과 검은 체리향이 조화를 이루어 풍미를 더한다. 탄닌감은 강하지만 부드러운 느낌으로 드라이하면서도 균형 잡힌 탄닌이 특징이다. 여운이 부드럽고 길게 이어지며, 고급스러운 마무리를 선사한다."
팔라바 힌테르탈리 프리미엄,Pálava,"""향: 흰꽃향, 망고향, 망구스틴향이 우아하게 어우러진다. 맛: 부드러운 첫맛과 입안을 꽉 채우는 바디감, 깔끔하게 떨어지는 청량함이 돋보인다. 이 가격대에서 기대할 수 있는 모든 요소를 완벽히 갖춘 와인."""
트라민 체르베니 슬루니 브르크 프리미엄,Gewürztraminer,"향: 풍부한 귀부향과 잘 익은 복숭아향, 살짝 말린 살구향이 조화를 이룬다. 맛: 신선한 첫맛이 청량하게 다가오며, 기분 좋은 단맛이 입안 가득 퍼진다. 산미와 당도, 알코올과 과일향의 균형이 매우 훌륭하다. 지나가던 고양이도 맛있다고 인정할 수밖에 없는 뛰어난 와인."
크리마시 퍼로티 그랑 리제르바 샤도네이,Chardonnay,"향: 가벼운 신선한 풀향이 상큼하게 느껴지며, 신선한 첫맛이 입안을 감싼다. 맛: 여릿여릿한 산미가 느껴지고, 부드러운 바디감이 매력적이다. 기분 좋은 쌉싸름함과 아주 미미하게 간직한 오크향이 더해져, 매우 우아하고 섬세한 맛을 낸다."
비주엘라 베르데호,Verdejo,"향: 신선한 살구향과 파인애플향, 백도향이 상큼하게 퍼지며, 신선한 첫맛이 인상적이다. 맛: 부드러운 질감과 적절한 바디감이 더해져 기분 좋은 산미가 느껴진다. 과일향과 균형미가 잘 어우러지며, 깔끔한 뒷맛까지 더해져 마시기에 상큼한 화이트 와인."
에스엘 피뇰레토 디오씨 스푸만테 엑스트라 드라이,Grechetto,"향: 상큼한 초록사과향이 상큼하게 퍼지며, 신선한 첫맛이 인상적이다. 맛: 부드러운 바디감과 함께 산미가 깔끔하고, 향과 뒷맛 모두 아주 깔끔하다. 잡티가 하나도 없고, 쓴맛도 전혀 없는 가성비 좋은 스파클링 와인."
비주엘라 리제르바,Tempranillo,"향: 오크향이 매력적으로 느껴지며, 싱그러운 첫맛이 인상적이다. 맛: 상당한 오크향과 스모키함이 어우러지며, 짙게 풍기는 검은과일향과 특히 진한 블랙베리향이 매력적이다. 촉촉하게 쥬시한 느낌과 함께 맛이 상당히 풍부하고, 탄닌 느낌이 꽤 강한 진한 드라이 레드 와인."
크리마시 퍼로티 그랑 리제르바 까베르네 소비뇽,Cabernet Sauvignon,"향: 아주 짙게 풍기는 블랙커런트향이 매력적으로 느껴지며, 신선한 첫맛이 인상적이다. 맛: 아주 상큼한 과일향이 어우러지며, 딱 적절하게 익은 매우 선명한 블랙커런트향이 특징이다. 신선하게 쥬시한 느낌이 돋보이며, 까베르네 소비뇽 자체 포도품종의 특징을 100% 보여주는 와인."
사크라 모나스트렐,Monastrell,"향: 요오드향이 독특하게 느껴지며, 신선한 첫맛이 인상적이다. 맛: 아주 진하고 신선한 붉은 과일향이 풍부하며, 짙은 탄닌이 특징이다. 가격대에 비해 매우 진하고 묵직한 레드 와인으로, 스페인 와인 특유의 짙은 신선함이 잘 살아있는 와인."
사크라 뗌쁘라니요,Tempranillo,"향: 검은 과일향이 풍부하게 느껴지며, 부드러운 첫맛이 입안을 감싼다. 맛: 결이 고우면서도 입안을 촘촘히 채우는 짙은 탄닌이 인상적이다. 촉촉하게 쥬시한 느낌과 잘 익은 검은 체리향이 어우러진다. 과일향과 묵직한 바디감, 아주 잘 다듬어진 탄닌 간의 균형이 매우 훌륭한 와인이다."
레 자르젤리에르 피노누아,Pinot Noir,"향: 설탕에 절인 붉은체리향이 매력적으로 느껴지며, 부드러운 첫맛이 인상적이다. 맛: 적절한 탄닌과 함께 진하게 피어오르는 붉은 과일향, 라즈베리향, 체리향이 조화를 이룬다. 기분 좋은 산미가 느껴지며, 살짝 단 맛이 돌면서 신선해 초보자가 마시기 좋은 피노 누아."
보르고 임페리얼 밀레지마토 스푸만테 브륏,White Blend,"향: 풋사과향이 상큼하게 느껴지며, 신선한 첫맛이 인상적이다. 맛: 신선한 중간맛과 아주 가볍게 감도는 단맛이 부드럽게 다가온다. 진한 사과향, 파란사과 및 빨간사과향이 고르게 나며, 레몬향이 함께 감돈다. 깔끔한 피니쉬가 인상적인 스파클링 와인."
드리프트샌드,"Grnache, Shiraz, Mataro","향: 스모키한 향이 매력적으로 느껴지며, 쨍하고 분명하게 다가오는 첫맛이 인상적이다. 맛: 선명한 붉은 과일향, 붉은체리향, 레드커런트향이 조화를 이루며, 매우 높은 산미가 특징이다. 기분 좋게 쌉싸름한 탄닌이 느껴지고, 뒤에서 길게 느껴지는 감칠맛이 좋은 레드와인."
퇴를러 칼크슈타인 슈패트부르군더,Pinot Noir,"향: 딱 기분 좋은 오크향과 체리향이 매력적으로 어우러지며, 신선한 첫맛이 인상적이다. 맛: 선명한 딸기향과 기분 좋은 산미가 더해져, 깔끔한 뒷맛과 만족스러운 여운이 남는다. 충분한 감칠맛이 느껴지며, 아주 깔끔하게 잘 만든 완성도가 충분히 높은 피노 누아."
노이부르스케 타야의 인사,Neuburger,"향: 잘 익은 파인애플 향과 함께 가볍게 감도는 풀향기가 느껴진다. 맛: 산뜻한 첫맛과 함께 기분 좋은 산미가 균형을 이루며, 적절한 바디감과 가볍게 쌉싸름한 맛이 뒷맛을 더욱 깔끔하게 마무리한다. 여운이 길고 균형감이 뛰어난 와인."
리슬링 블라슈스케 타야의 인사,Welsch Riesling,"향: 가벼운 오크 향과 함께 기분 좋은 미네랄 느낌이 감돈다. 맛: 부드러운 첫맛이 입안을 감싸고, 상큼한 중간맛과 함께 살짝 느껴지는 쌉싸름한 맛이 매력적이다. 기분 좋게 살짝 올라오는 알코올 느낌과 가벼운 단맛이 봄바람처럼 부드럽고 상쾌한 인상을 남기는 와인."
뮐러 트루가우 타야의 인사,Müller Trugau,"향: 흰꽃향기가 은은하게 피어나며, 신선한 살구향과 복숭아향이 조화롭게 어우러진다. 딱 좋게 잘 익은 과일향이 자연스럽게 퍼지며, 부드럽고 우아한 인상을 남긴다. 맛: 신선한 첫맛이 산뜻하게 다가오고, 아주 적절한 산미가 깔끔한 균형을 잡아준다. 신선한 살구향과 복숭아향이 입안에서 풍부하게 퍼지며, 기분 좋게 살짝 쌉싸름한 맛이 더해져 마무리를 더욱 인상적으로 만든다. 상큼하고 기분 좋게 마시기 좋은 화이트 와인으로, 밝고 경쾌한 매력이 돋보인다."
샤도네이 타야의 인사,Chardonnay,"향: 잘 익은 파인애플 향이 주를 이루며, 리치와 망고 같은 열대과일 향이 조화롭게 어우러진다. 신선하면서도 달콤한 과일향이 인상적이다.  맛: 상당히 무게감 있는 첫맛이 강렬하게 다가오며, 기분 좋은 산미가 균형을 잡아준다. 바디감과 청량감이 조화를 이루며, 풍부한 과일향이 입안을 가득 채운다. 균형미가 매우 좋은 화이트 와인으로, 신선하고 매력적인 피니시가 남는다."
실반스케 젤레네 타야의 인사,Silvaner,"향: 백도(흰복숭아)의 달콤한 향이 풍부하게 피어나며, 말린 사과와 잘 익은 바나나의 부드러운 아로마가 조화를 이룬다. 은은한 오크향이 가볍게 감돌며 깊이를 더한다. 맛: 부드러운 첫맛이 입안을 감싸며, 딱 좋은 산미가 조화를 이루어 깔끔한 인상을 준다. 향은 달콤하지만 맛은 매우 드라이하며, 알코올 느낌이 뒤에서 살짝 올라와 적당한 무게감을 형성한다. 바디감과 과일향, 산미의 균형이 뛰어난 와인으로, 우아하고 균형 잡힌 마무리가 특징적이다."
에피쿠로 몬테풀치아노 다브루쪼,Montepulciano,"향: 잘 익은 검은 자두향이 매력적으로 느껴지며, 신선한 첫맛이 인상적이다. 맛: 기분 좋은 정도로 풍겨내는 오크향이 더해지며, 드라이하면서도 깔끔한 탄닌이 특징이다. 진하면서도 산뜻한 맛을 풍겨내는 것이 매력적인 레드와인."
그란 셀로 마카베오-베르데호,"Macabeo, Verdejo","향: 미네랄과 풀향기를 바탕으로 강렬한 구스베리향, 오렌지, 리치, 패션프룻 등 진한 열대 과일향이 풍성하게 퍼진다.맛: 기분 좋게 쌉싸름한 맛과 함께 약간의 탄닌감, 단듯한 뒷맛이 어우러지며, 산뜻하게 떨어지는 깔끔한 산미가 인상적이다. 열대 과일향이 매우 진하게 느껴지면서도 균형이 잘 잡힌, 매력적인 화이트 와인이다."
쓰리 브룸즈 리슬링,Riesling,"향: 특유의 페트롤 향이 먼저 느껴지며, 그 안에 은은한 단 향과 청량함이 어우러진다.맛: 신선하고 부드러운 첫맛과 함께 높은 산미와 실키한 질감이 조화를 이루며, 부드럽게 퍼지는 단맛과 기분 좋은 쌉싸름함이 인상적이다. 살짝 달콤하면서도 청량감을 잃지 않고, 적절한 복합미까지 갖춘, 마시기 편하고 고급스러운 리슬링이다."
하디스 스탬프 샤르도네 세미용,"Chardonnay, Semillon","향: 백도 향을 중심으로 생아몬드와 서양배 향이 은은하게 어우러진다.맛: 부드러운 첫맛과 함께 신선한 느낌이 인상적이며, 특별한 복합미보다는 심플하고 깔끔하게 마시기 좋은, 편하게 즐길 수 있는 화이트 와인이다."
이까르디 모스카토 비앙코 ,Moscato,"향: 진하고 화사한 꿀향, 특히 잘 익은 아카시아 꿀향이 풍성하게 퍼진다.맛: 부드러운 첫맛과 함께 화사하게 퍼지는 달콤함이 기분 좋으며, 전체적으로 부드럽고 매끄러운 질감이 인상적이다. 편하게 즐기기 좋은, 매력적인 스파클링 디저트 와인이다."
파우스티노 리베로 우티엘 레케나 리제르바,"Bobal, Tempranillo","향: 마른 낙엽향과 오크향, 유산발효에서 비롯된 부드러운 유제품 향이 조화롭게 어우러진다. 잘 익은 검은 과일향이 은은하게 퍼진다.맛: 부드러운 첫맛과 함께 살아있는 산미가 돋보이며, 와인메이커의 정성이 느껴진다. 그릭요거트를 연상시키는 부드러운 유제품 느낌이 있어, 이러한 풍미를 좋아하는 분께 특히 추천할 만한 와인이다."
쉴드 쇼비뇽블랑,Sauvignon Blanc,"향: 싱그러운 풀냄새가 상쾌하게 느껴지며, 신선한 첫맛이 기분 좋게 입안을 깨운다. 맛: 상큼한 산미가 입안을 환하게 하고, 기분 좋게 쌉싸름한 뒷맛이 매력적이다. 신선하면서도 길게 이어지는 구스베리향의 여운이 인상적이며, 전체적으로 조화롭고 균형 잡힌 맛을 제공하는 아주 좋은 와인이다."
페리퀴타 오리지널,"Castelao, Trincadeira, Aragonez","향: 신선한 블루베리향이 매력적으로 느껴지며, 부드러운 첫맛이 입안을 감싼다. 맛: 아주 신선한 과일향과 맛이 돋보이며, 딸기, 붉은 체리, 라즈베리, 레드커런트 향 등이 강하게 나타난다. 부드러운 탄닌이 특징적으로 존재하며, 신선하게 즐기기에 아주 좋은 레드 와인."
올드바인 가르나차,"Grenache, Tempranillo","향: 짙은 동물향이 매력적으로 퍼지며, 부드러운 첫맛이 입안을 감싼다. 맛: 무르익은 탄닌과 적절한 산미가 인상적이며, 완숙한 과일향이 함께 느껴진다. 아주 진하게 풍기는 동물향이 와인에 특유의 깊이를 더해주며, 제대로 만든 와인이 매우 진한 동물향을 내는 경우를 경험하기에 아주 좋은 와인."
살리체 살렌티노 리제르바,"Negroamaro, Malvasia Nera","향: 잘 익은 검은과일향과 오크향이 어우러져 풍부하고 매력적인 향을 만든다. 맛: 신선한 첫맛이 상큼하게 다가오며, 아주 상쾌한 느낌을 주는 와인이 입안을 기분 좋게 감싼다. 싱싱한 라즈베리향이 더해지며, 꽤나 높은 산미가 인상적으로 느껴진다. 적절히 우아한 느낌이 있으며, 균형미가 좋다는 점에서 더욱 매력적이다. 가격에 비해 아주 잘 만들어진 와인으로, 산미가 높은 편이라 중고급자에게 권하고 싶은 와인."
알파 루아르 피노 누아 파테 드 샤,Pinot Noir,"향: 루바브향과 딸기향이 조화를 이루며, 부드러운 첫맛과 함께 아주 짙은 과일향이 입안을 감싼다. 맛: 적절한 산미와 진하면서도 산뜻한 느낌의 탄닌이 특징적이며, 표현력이 뛰어난 맛이 돋보인다. 꽤나 긴 여운이 만족스럽게 이어진다."
샤또 드 몽프린 꼬스티에르 드 님,"Syrah, Grenache, Mourvedre","향: 잘 익은 딸기향과 체리향이 상큼하게 느껴지며, 가벼운 첫맛이 입안을 감싼다. 맛: 신선한 과일향이 돋보이며, 꽤나 높은 산미와 섬세함이 특징이다. 고우면서도 선명한 탄닌이 인상적이고, 심플하면서도 분명한 과일향이 신선하게 드러나는 레드 와인."
"샤또 롱보, 르 보타니스트 쁘띠 망상",Petit Manseng,"향: 가벼운 그릭요거트 향과 함께 레몬, 라임, 말린 망고 향이 은은하게 퍼지며 부드럽고 섬세한 아로마를 전한다.맛: 부드러운 첫맛부터 끝까지 맛과 향이 일관되게 매우 부드럽게 이어지며, 매우 드라이한 탄닌감이 살짝 감돌고, 잔잔한 산미가 우아하게 펼쳐진다. 전반적으로 우아하고 섬세하며, 잔잔한 느낌이 기분 좋게 다가오는, 잘 만든 화이트 와인이다."
샤또 쿠테 생떼밀리옹 그랑 크뤼,"Merlot 60%, Cabernet Franc 30%, Cabernet Sauvignon 3%, Malbec 7%","향: 블랙베리향이 풍부하게 느껴지며, 신선한 첫맛이 기분 좋게 입안을 깨운다. 맛: 일반적으로 오크향이 진하고 고소한 느낌을 주는 경우가 많은데, 이 와인은 상큼한 오크향을 느끼게 한다. 강한 미네랄 느낌이 뚜렷하며, 딜 등의 신선한 허브향이 더해져 복합적인 풍미를 제공한다. 가볍게 느껴지는 쌉싸름한 맛의 탄닌이 기분 좋게 느껴지는 와인."
트러스 피코 데 루야스,Tempranillo ,"향: 매우 짙게 풍기는 붉은 체리향과 함께 상큼한 첫맛이 입안에 퍼진다. 맛: 풍부한 붉은 과일향이 가득하고, 오크향이 잘 녹아들어있다. 입자가 작고 촘촘하게 잘 녹아든 매력적인 탄닌이 인상적이다. 과일향이 풍부하며, 산미와 탄닌이 아름답게 조화를 이루는 이 와인은 뒷맛이 강렬하고 긴 여운을 남긴다. 정말 잘 만든 훌륭한 레드 와인이다."
뀌베 15 리미티드 에디션,"Negroamaro, Primitivo","향: 검은 과일향이 난다. 맛: 첫맛은 신선하다. 존재감 있으면서도 와인에 잘 녹아든 탄닌이 느껴지고 검은 과일향이 엄청나다. 블랙베리, 블랙커런트향과 더불어 상쾌한 민트향을 남기는 뒷맛이 특징인 와인."
미나메사 카베르네소비뇽,Cabernet Sauvignon,"향: 딸기향과 훈제향이 조화를 이루며, 달콤한 첫맛이 입맛을 돋운다. 스모키한 오크향이 깊이를 더한다. 맛: 타이트한 탄닌이 인상적이며, 뒤로 갈수록 쥬시한 촉촉함이 느껴진다. 뛰어난 감칠맛과 살짝 감도는 단맛이 전체적으로 매우 촉촉한 맛을 만들어내고, 풍부한 과일향과 적절한 오크향, 산뜻한 탄닌이 조화롭게 어우러져 모든 사람들이 좋아할 만한 와인이다."
"장 로롱, 장 샤르도네",Chardonnay 100% ,"향: 흰꽃향과 파인애플향이 조화를 이루며 기분 좋게 퍼진다. 맛: 청량한 첫맛이 입안을 가볍게 감싸고, 레몬향이 상큼함을 더한다. 적당한 바디감이 느껴지며, 상당한 정도의 쌉싸름한 맛이 감돌면서도 기분 좋게 여운을 남긴다. 바디감과 과일향이 어우러져 적당한 복합미를 갖춘 이 와인은 균형 잡힌 맛을 제공하며, 다양한 상황에서 즐기기에 좋은 선택이다."
니시아,Primitivo,"향: 가벼운 레몬향과 허브향이 상큼하게 느껴지며, 부드러운 첫맛이 기분 좋게 입안을 감싼다. 맛: 살짝 달콤한 맛이 전해지며, 장미향이 은은하게 퍼진다. 살짝 쌉싸름함이 감돌면서도 깔끔한 뒷맛이 인상적이다. 가볍게 도는 단 맛이 만들어낸 부드러움 덕분에 초보자들이 특히 마시기 쉬운 로제 와인이다."
킹스 오브 프로히비션 카베르네 소비뇽,Cabernet Sauvignon,"향: 붉은 체리의 신선한 향이 입안을 상쾌하게 감싸며, 붉은 과일향이 아주 가득 퍼진다. 과일향의 표현력이 매우 훌륭하여 향이 생동감 있게 느껴진다. 맛: 신선한 첫맛이 입안을 기분 좋게 시작하며, 쥬시한 질감이 과일의 풍미를 강조한다. 붉은 과일향이 풍부하게 느껴지며, 기분 좋은 산미가 맛에 활력을 더한다. 깔끔한 뒷맛이 여운을 남기며, 전체적으로 신선하고 맛있는 와인을 제공한다."
레 자르젤리에르 비오니에,Viognier 100%,"향: 흰 꽃에서 비롯된 섬세하고 은은한 향이 청량하게 퍼진다.맛: 청량한 첫맛과 부드러운 질감, 섬세하면서도 무게감 있는 구조가 조화를 이루며, 기분 좋게 쌉싸름하고 드라이한 뒷맛이 깔끔하게 이어진다. 꽤 고급스럽고 안정감 있게 부드럽게 완성된 화이트 와인이다."
루나리아 몬테풀치아노 리제르바,Montepulciano 100%,"향: 붉은 과일향이 풍부하게 느껴지며, 부드럽고 살짝 달콤한 첫맛이 입안을 감싼다. 맛: 잘 다듬어진 탄닌과 함께 부드럽던 첫맛에 비해 꽤나 높은 산미가 청량감을 더하며, 뒷맛은 드라이하게 마무리된다. 과일의 복합미가 뛰어나며, 중간 이상의 여운이 인상적이다. 초보자가 초보자 수준을 벗어나고 싶을 때 경험하기 좋은 와인이다."
도멘 나달 에노 마카베오,Macabeo 100%,"향: 치즈향이 매력적으로 느껴지며, 부드러운 첫맛이 입안을 감싼다. 맛: 상당한 탄닌감과 미네랄 느낌이 조화를 이루며, 화사하게 핀 흰꽃향이 더해진다. 아주 가볍게 부드러운 단맛이 느껴지며, 초보자에게도, 와인 애호가에게도 모두 권할 만한 마시기 편한 화이트 와인."
타야의인사 스바토바브지네츠케,Saint Laurent,"향: 강력하게 풍기는 붉은체리향이 매력적으로 느껴지며, 시원한 첫맛이 인상적이다. 맛: 아주 신선한 와인으로, 마치 붉은 과일 여러 가지를 착즙해서 짜낸 즙을 마시는 듯한 진하게 쥬시한 느낌을 준다. 꽤나 섬세하면서도 신선한 느낌의 탄닌이 잘 어우러져 있으며, 마치 진한 쥬스같은 느낌을 주는 활력 넘치는 와인."
락클린 랜치 피노누아,Pinot Noir,향: 딸기향이 아주 좋다. 맛: 첫맛이 신선하고 쌉싸름한 맛이 좋다. 살짝 스모키 하면서 피노 누아 자체로서의 향이 충만하다. 균형미가 좋은 피노 누아.
대시우드 말보로 소비뇽 블랑,Sauvignon Blanc,"향: 풀향기가 신선하게 느껴지며, 기분 좋은 첫맛이 상큼하게 입안을 감싼다. 맛: 부드러운 중간맛이 이어지면서 뉴질랜드 소비뇽 블랑의 푸릇푸릇한 특징이 분명하게 드러난다. 아주 부드러운 바디감과 함께 감칠맛이 입안에 풍부하게 퍼져, 전체적으로 훌륭한 소비뇽 블랑의 품질을 느끼게 한다. 표현력과 바디감, 존재감 등이 모두 훌륭하여, 다양한 음식과 잘 어울리는 매력적인 화이트 와인."
도맨 마비 프리마돈나,"Grenache, Cinsailt",향: 아주 잘 익은 딸기향이 난다. 맛: 첫맛은 부드럽고 붉은 과일향이 가득하다. 중간 맛까지도 달콤한 듯 부드러운 맛이 지속이 된다. 기분 좋은 단 맛이 아주 살짝 감도는- 마시기 편한 로제 와인.
꽈사르 리제르바 샤도네이,Chardonnay,"향: 가볍고 산뜻한 레몬향이 은은하게 퍼진다.맛: 부드러운 첫맛과 약간의 버블감, 부드러운 바디감이 어우러지며, 가벼운 무게감 속에서도 섬세함과 감칠맛이 살짝 느껴진다. 잔잔하게 청량하면서도 입맛을 돋우는, 마시기 편한 화이트 와인이다."
친궤토 모스카토 다스티,Moscato,"향: 선명한 청포도향이 상큼하게 느껴지며, 신선한 첫맛이 기분 좋게 입안을 깨운다. 맛: 신선한 레몬향과 청포도향이 조화를 이루며, 기분 좋게 부드러운 단맛이 더해진다. 전체적으로 아주 기분 좋게 상큼한 와인."
포웰 앤 썬 리버사이드 GSM,"Shiraz, Mourvedre, Grenache","향: 블랙커런트와 붉은체리향이 조화를 이루며, 신선한 첫맛이 입안을 감싼다. 맛: 존재감 있는 탄닌과 함께 신선한 과일향이 느껴진다. 어리고 신선한 느낌의 탄닌이 딱 좋으며, 약간 진하게 올라오는 알코올 느낌이 있지만 거슬리지는 않는다. 선이 분명하고 신선한 느낌이 매력적인 레드 와인."
샤도네이 드 노 뉘,Chardonnay,"향: 파인애플 향이 상큼하게 느껴지며, 살구향과 복숭아향이 은은하게 퍼진다. 이와 함께 부드러운 버터향이 조화롭게 어우러져 풍성하고 깊이 있는 향을 만들어낸다. 맛: 산뜻한 첫맛이 입안을 상쾌하게 감싸고, 부드러운 중간맛이 입안을 부드럽게 감싼다. 신선하면서도 여릿여릿한 산미가 적절히 조화를 이루며, 전체적으로 균형 잡힌 느낌을 준다. 중간 길이의 뒷맛이 부드럽게 이어지며, 여운을 여유 있게 남긴다."
부르고뉴 마티스코 비레 클레쎄,Chardonnay,"향: 마른 나무향과 말린 살구향이 조화롭게 느껴지며, 잘 익은 파인애플향이 풍부하게 감도는다. 처음에는 적절한 오크향이 섬세하게 퍼지다가 시간이 지남에 따라 점점 강해지며, 가벼운 요거트향이 기분 좋게 더해진다. 맛: 부드러운 첫맛이 입안을 부드럽게 감싸며, 넘치는 숙성미가 깊이와 복합미를 더한다. 잘 익은 파인애플향이 입안을 상쾌하게 감싸고, 감칠맛이 느껴지며 맛의 균형을 맞춘다. 중간 이상의 여운이 여전히 길게 남아, 잘 만든 프랑스 부르고뉴 샤르도네의 품격을 느끼게 해준다."
브이디알 레드 블렌드,"Petite Sirah, Petit Verdot","향: 검은 과일향이 굉장히 짙고 강하게 풍겨 깊고 매혹적인 첫인상을 남긴다. 맛: 부드러운 첫맛이 입안을 감싸고, 아주 잘 익은 탄닌이 와인의 질감을 무게감 있게 만들어준다. 매우 진한 탄닌이 은은하게 느껴지며, 부드럽게 살짝 남아있는 잔당감의 느낌이 더욱 매력적으로 다가온다. 폭발적으로 올라오는 검은 과일향이 전체적인 풍미를 강화하며, 매우 묵직하고 진하면서도 지나치게 드라이하지 않은 레드 와인을 원하는 분께 안성맞춤인 와인."
노당 페레 앤 피스 뉘 생 조르쥬,Pinot Noir 100%,"향: 딸기향과 스모키함이 조화를 이루며, 상큼한 첫맛이 인상적이다. 맛: 아주 부드러운 탄닌감과 질감이 느껴지며, 정말 잘 익은 딸기향이 풍부하다. 아주 적절히 숙성시킨 오크향이 더해져, 와인에 정말로 잘 녹아든 완벽한 탄닌이 특징이다. 신선함과 성숙미를 모두 갖춘, 완성도 높은 피노 누아."
비스타마 블락3 피노누아,Pinot Noir,"향: 딸기향이 상큼하게 퍼지며 첫인상을 환하게 밝힌다. 맛: 신선한 첫맛이 입안 가득히 퍼지고, 선명하면서도 부드럽게 풍기는 딸기향이 여유롭게 느껴진다. 아주 잘 익은 포도를 통해 신선함이 잘 살려낸 피노 누아의 특징이 돋보인다. 가볍게 풍기는 유산발효의 느낌이 와인에 복합미를 더하며, 직선적이고 분명하며 기분 좋은, 잘 만든 피노 누아."
파고데 라란자 리저바 이스페셜2014,"Cabernet Sauvignon 40%, Merlot 40%, Tempranillo 20%","향: 검은 후추향과 검은 과일향이 조화롭게 어우러져 신선하고 매력적인 첫인상을 준다. 맛: 드라이한 첫맛이 입안을 깨끗하게 감싸며, 아주 깔끔하게 잘 정제된 탄닌이 부드럽게 느껴진다. 진하게 풍기는 잘 익은 블랙베리향이 깊이 있는 풍미를 선사하며, 파워가 넘치면서도 절제미를 보여주는 구조감이 인상적이다. 아주 잘 익고 잘 만들어졌으면서도 기분 좋은 신선함을 간직한 와인."
뽀지오 토르셀리 키얀티클라시코,"Sangiovese, Merlot","향: 딜의 향이 은은하게 느껴지며, 잔잔한 첫맛과 함께 잘 익은 붉은 체리향이 풍부하게 퍼진다. 맛: 산지오베제 특유의 부드러우면서도 존재감 있는 탄닌이 느껴지며, 상당히 잘 다듬어진 탄닌이 매력적이다. 탄탄한 바디와 구조가 잘 짜여져 있고, 균형미가 뛰어난 산지오베제다."
이큐 쉬라,Syrah,"향: 블랙커런트향이 선명하게 느껴지며, 신선한 첫맛과 함께 검은 과일향이 매우 짙게 퍼진다. 맛: 탄닌의 느낌이 상당히 강하며, 과일향이 가득 찬 뒷맛이 매우 길다. 상당히 드라이한 풀바디 레드 와인으로, 깊이 있는 맛을 자랑한다."
알세오 베르데호,Verdejo,"향: 가벼운 풀냄새가 상큼하게 느껴지며, 신선함을 더욱 강조한다. 맛: 부드러운 첫맛이 입안을 가볍게 감싸며, 소비뇽 블랑 또는 베르데호 계열의 청량함을 부드럽게 지니고 있다. 기분 좋은 약간의 쌉싸름함이 더해져 전체적으로 상큼하고 신선한 맛이 느껴진다. 이 와인은 가볍고 청량하게 즐기기에 매우 좋은 선택으로, 다양한 자리에서 부담 없이 마실 수 있다."
드 뮬러 까베르네 소비뇽,Cabernet Sauvignon,"향: 신선한 풀냄새와 함께 건포도향이 조화를 이루며 신선한 첫인상을 남긴다. 맛: 신선한 첫맛이 입안을 깨우고, 기분 좋은 산미가 전반적으로 흐른다. 신선함과 숙성미가 공존하는 이 와인은 영한 느낌을 주며, 복합미와 숙성미가 모두 어우러져 매우 훌륭한 레드 와인이다. 이 가격대에서는 말도 안 되는 맛과 향을 보여주는 정말 훌륭한 와인."
드 뮬러 쉬라,Syrah,"향: 말린 자두향이 은은하게 퍼진다. 맛: 첫맛이 산뜻하고, 부드럽게 잘 숙성된 탄닌이 부드럽게 느껴진다. 말린 자두향과 말린 크렌베리향 등이 적당히 느껴져 복합적인 맛을 제공하고, 산미 또한 적절하게 조화를 이룬다. 적은 돈으로 숙성된 와인을 경험하기 좋은 와인."
마운트 뷰티풀 소비뇽블랑,Sauvignon Blanc,"향: 구스베리향과 함께 스모키하고 은은한 오크향이 기분 좋게 어우러진다.맛: 신선한 첫맛과 상큼함, 청량감이 조화를 이루며, 훈제 향과 함께 약간의 복합미가 더해진다. 가볍게 느껴지면서도 풍미가 살아 있어, 기분 좋게 오크향이 배어 있는 신선한 스타일의 화이트 와인이다."
보데가 산 그리고리오 라 무엘라 마카베오,Macabeo,"향: 마른 나무향과 함께 리치향, 말린 파인애플향이 은은하게 퍼지며, 섬세한 아로마가 인상적이다.맛: 부드러운 첫맛과 함께 은은한 쌉쌀함과 드라이한 풍미가 어우러지고, 뒷맛에서는 잉글리쉬 봉봉을 연상시키는 달콤함과 짭짤함이 복합적으로 느껴진다. 전반적으로 풍미가 강하지는 않지만, 드라이하면서도 감칠맛과 복합미가 살아 있는 꽤 수준 높은 와인으로, 중고급자에게 추천할 만한 와인이다."
루포 메라빌리아 두에 디 두에,"Negroamaro, Malvasia","향: 깊고 진한 가을밤을 떠올리게 하는 향과 함께, 무르익은 검은 과일향과 블랙베리향이 풍부하게 느껴진다.맛: 진한 첫맛과 적절한 산미, 살짝 쌉싸름한 탄닌감이 조화롭게 어우러진다. 이 가격대에서 드물게 완숙한 느낌을 주며, 지금 마시기에 딱 좋은 레드와인이다."
한스베어 리슬링 트로켄,Riesling,"향: 복숭아향과 흰꽃향이 상큼하게 조화되어 기분 좋은 첫인상을 준다. 맛: 신선한 첫맛이 입안을 감싸고, 부드러우면서도 풍부한 과일향이 깊게 퍼진다. 풍부한 바디감이 느껴지며, 드라이한 탄닌이 와인의 구조를 잡아준다. 짙은 미네랄 느낌이 더해져 전체적인 맛을 보다 깊게 만들어준다. 과일향이 풍성하면서도 상당히 긴 여운이 남는다."
라살라 키안티 클라시코,"Sangiovese, Merlot","향: 블랙베리향이 매력적으로 느껴지며, 부드러운 첫맛이 입안을 감싼다. 맛: 검은과일향과 붉은과일향이 고르게 풍기며, 드라이하면서도 쥬시한 느낌이 인상적이다. 적절한 산미와 딱 좋은 탄닌감의 균형미가 돋보인다. 언제 어디서나 마셔도 좋을 레드 와인으로, 산지오베제 입문자에게 특히 좋은 와인."
SL  프리미티보 네로 디 트로이아,"Nero di Troia, Primitivo","향: 잘 익은 대추향이 매력적으로 느껴지며, 부드러운 첫맛이 입안을 감싼다. 맛: 아주 잘 익은 부드러운 탄닌감이 특징이며, 뒤로 갈수록 아주 자연스럽게 진해지는 탄닌의 느낌이 인상적이다. 드라이한 탄닌과 꽤나 잘 다듬어진 탄닌이 조화를 이루며, 꽤나 높은 산미와 상쾌한 중간맛이 돋보인다. 잘 익은 블랙베리향이 뒷맛까지 이어지는 여운이 매력적인 와인."
코랄리오 샤르도네,Chardonnay,"향: 신선한 살구향이 상큼하게 퍼지며, 신선한 첫맛이 인상적이다. 맛: 가벼운 오크향과 우아한 전개가 조화를 이루고, 부드러운 바디감이 느껴진다. 너무나 깨끗한 미네랄 느낌이 더욱 매력적이며, 정말로 깔끔한 맛과 향이 조화를 이루는 섬세하게 잘 만든 화이트 와인."
마운트 브라운 쇼비뇽블랑,Sauvignon Blanc,"향: 강렬한 구스베리향이 매력적으로 느껴지며, 부드러운 첫맛이 입안을 감싼다. 맛: 산미가 여느 소비뇽 블랑처럼 높으면서도 가볍게 단 맛이 있어 덜 새콤한 느낌을 준다. 날카로운 산미가 없기 때문에 향은 상큼하고 맛은 살짝 달콤하여 초보자들이 아주 좋아할 만한 소비뇽 블랑."
와일드 화이트 말보로 소비뇽 블랑,Sauvignon Blanc,"향: 신선한 풀향기가 상큼하게 느껴지며, 가벼운 첫맛이 인상적이다. 맛: 은은하게 풍겨오는 구즈베리향이 더해져 깔끔한 뒷맛을 남긴다. 가볍고 청량하게 마실 수 있는 가성비 좋은 소비뇽 블랑."
타야의인사 벨틀린스케 젤레네,Gruner Veltliner,"향: 아카시아향이 상큼하게 퍼지며, 신선한 첫맛이 입안을 감싼다. 오렌지향이 더해져 매력적인 향을 형성한다. 맛: 질감은 부드럽고 향은 잔잔하면서도 바디감을 갖춘 와인으로, 쌉싸름한 느낌이 꽤 강하게 느껴진다. 각 요소를 천천히 감상하기에 좋은 와인이나, 수준이 높아 중고급자에게 권하는 와인."
"알베레즈, 알보렌스 모렐리노 디 스칸사노",Sangiovese 100%,"향: 신선한 풀향기가 상큼하게 퍼지며, 신선한 첫맛이 인상적이다. 맛: 산뜻하면서 드라이한 탄닌이 느껴지며, 매우 섬세한 구조감과 절제된 탄닌이 매력적이다. 기분 좋게 풍기는 검은 과일향과 뒷맛에서 감도는 감칠맛까지 더해져, 매우 좋은 와인."
샤또 벨로드,Merlot,"향: 체리 및 블랙베리향이 매력적으로 퍼지며, 신선한 첫맛이 인상적이다. 맛: 부드러운 탄닌이 함께하며, 아주 기분 좋게 피어오르는 적당히 잘 익은 과일향이 느껴진다. 과일향과 탄닌이 모두 부드러워 마시기 편한 와인."
발데리베로 리베라 델 두에로 크리안자,Tempranillo,"향: 선명한 붉은과일향이 매력적으로 느껴지며, 체리와 라즈베리의 향이 어우러진다. 맛: 부드러운 첫맛과 함께 깔끔한 과일향이 더욱 돋보인다. 선명한 산미가 느껴지며, 짙으면서도 과하지 않은 산미가 매력적이다. 과일향을 끌어올리는 알코올의 느낌이 있으며, 아주 드라이하면서도 매우 짙고 묵직한 탄닌의 느낌과 폭발적인 과일향을 지닌 레드 와인이다."
발데리베로 리베라 델 두에로 로블,Tempranillo,"향: 가볍게 풍기는 화약냄새가 매력적이며, 부드러운 첫맛이 인상적이다. 맛: 신선한 잔디향과 함께 붉은 체리향, 블랙베리향이 조화를 이루며, 가볍게 풍기는 유산발효향이 더해진다. 스모키한 오크향과 상큼한 산미가 느껴지며, 포도 자체의 특성과 오크숙성, 산미의 균형이 돋보이는 레드 와인이다."
바롱루이 루즈,"Grenache, Syrah, Carignan  ","향: 신선한 블랙베리향이 입안에 퍼지며, 신선한 첫맛과 함께 미네랄 느낌이 더해진다.맛: 알코올 수준이 적당하고, 부드럽게 와인에 잘 녹아든 탄닌과 산미가 균형을 이룬다. 와인의 향과 맛이 매우 자연스럽고, 마시기가 편안한 레드 와인이다."
포웰 앤 썬 바로사 밸리 쉬라즈,Shiraz  ,"향: 향신료 느낌이 꽤 강한 스파이시한 향이 첫인상을 주며, 상큼한 첫맛과 함께 기분 좋은 블랙커런트향이 느껴진다.맛: 신선하면서도 정말 잘 익은 검은 과일향이 입안을 채우고, 신선하면서도 잘 익은 탄닌의 느낌이 아주 기분 좋다. 바디감은 적당하고, 과일향과 탄닌감이 조화를 이루며 고급스러운 마무리를 제공하는 매우 잘 만든 레드 와인이다."
포웰 앤 썬 에덴밸리 리슬링,Riesling  ,"향: 화약 내음과 함께, 잘 익은 파인애플향과 매우 짙게 풍기는 페트롤향이 어우러지며 진한 미네랄 느낌이 감돈다.맛: 신선한 첫맛에 이어, 화이트 와인으로서는 꽤나 돋보이는 탄닌감이 특징이다. 향과 맛의 복합미가 뛰어나며, 섬세하고 복합적인 요소가 잘 드러난다. 일반적인 화이트 와인과는 다른 복합적이고 섬세한 매력이 있어, 중고급 와인을 선호하는 이들에게 적합하다."
비노스 델 비엔토 가르나차 블랑카,Grenache  ,"향: 상큼한 레몬향을 내고 페트롤향이 좋다. 맛: 첫맛은 부드럽고 산미가 상당하다.  맛의 전개가 아주 깔끔하며, 레몬껍질에서 느낄 수 있는 기분 좋은 쌉쌀함이 좋고, 산미가 높고 깔끔한 화이트 와인을 찾는 분께 권하기 좋은 와인이다."
발두에로 블랑코,Albillo Mayor,"향: 미네랄 느낌이 뚜렷하게 느껴지며, 청아한 첫맛이 인상적이다. 맛: 아주 우아한 미네랄 느낌과 함께 너무나도 맑고 청아하며 섬세한 화이트 와인이다. 마치 -화이트 와인의 섬세함이란 이런 것이다-라고 보여주는 듯하며, 내유외강의 느낌을 간직한 구조감이 매우 탄탄하고 균형미가 뛰어난 와인."
퇴를러 칼크 & 크라이데 샤르도네 & 피노블랑,"Chardonnay, Pinot Blanc","향: 잘 익은 살구향과 아카시아향이 풍부하게 느껴지며, 부드러운 첫맛이 입안을 감싼다. 맛: 오크향과 갓 튀긴 팝콘향, 버터향이 조화를 이루며, 미네랄 느낌이 더해진다. 오크숙성을 했으면서도 화이트 와인의 섬세함을 잘 살린 고급 화이트 와인이다. 산미가 딱 적절히 좋고, 바디감과 구조감, 균형미가 모두 뛰어난 화이트 와인."
타야의인사 피노누아 로제,Pinot Noir,"향: 풋콩향이 매력적으로 퍼지며, 신선한 첫맛이 인상적이다. 맛: 상큼한 붉은 과일향, 특히 체리향이 느껴지고, 부드러운 질감과 약간의 탄닌감이 조화를 이룬다. 깔끔한 뒷맛과 섬세하게 감도는 감칠맛이 특징이며, 균형미가 뛰어난 잘 만든 로제 와인."
"장 로롱, 장 가메 로제",Gamay 100%,"향: 장미향이 매력적으로 느껴지며, 상큼한 첫맛이 입안을 감싼다. 맛: 부드러운 질감과 가볍게 쌉싸름한 탄닌이 조화를 이루며, 섬세한 맛과 청량함, 신선함이 인상적이다. 부드럽고 우아하게 아주 잘 만든 드라이 로제 와인."
타야의인사 프랑코프카 로제,Blaufränkisch,"향: 가벼운 나무향이 느껴지며, 부드러운 첫맛이 인상적이다. 맛: 살짝 달콤한 와인으로, 딸기향과 라즈베리향이 기분 좋게 퍼진다. 기분 좋은 약간의 탄산 느낌이 더해지고, 적절한 산미가 조화를 이룬다. 초보자가 마시기에 아주 좋은 로제 와인으로, 와인을 처음으로 접하는 분들께 특별히 좋은 선택이다."
에피쿠로 수수마니엘로,Susumaniello,"향: 오크향이 매력적으로 느껴지며, 부드러운 첫맛이 인상적이다. 맛: 살짝 달콤한 검은 과일향, 오크향, 바닐라향, 버터향, 스모키한 향이 조화를 이루고 있다. 탄닌의 존재감도 적절히 느껴지며, 너무 드라이한 레드 와인을 원하지 않는 초중급자에게 좋은 선택이 될 만한 와인이다."
에스꼬리후엘라 가스콘 말벡,Malbec,"향: 신선한 붉은체리향이 매력적으로 느껴지며, 아주 신선한 첫맛이 인상적이다. 맛: 산뜻하게 밝은 느낌의 과일향이 더해져, 과하지 않으면서도 존재감이 예쁜 산미가 느껴진다. 적절하게 쌉싸름한 탄닌이 특징이며, 신선하면서도 탄닌 느낌이 꽤 감도는 기분 좋게 마실 수 있는 레드 와인이다."
패트리티 P 샤르도네,Chardonnay 100%,"향: 스모키한 향과 함께 버터향, 팝콘향, 신선한 파인애플향이 어우러지고, 은은한 오크향이 조화를 이룬다.맛: 부드러운 첫맛과 기분 좋은 산미가 인상적이며, 오크향을 세련되게 활용해 완성도를 높인, 잘 만든 샤르도네다."
일레븐스아워 화이트진판델,Zinfandel 100%,"향: 딸기향이 풍부하게 느껴지며, 즐거운 과일향이 감싸준다. 맛: 부드러운 첫맛이 입안에 부드럽게 퍼지고, 신선한 산미와 밀키한 부드러움이 조화를 이룬다. 기분 좋게 살짝 단 뒷맛이 남아, 처음부터 끝까지 단맛이 가볍게 유지되면서도 신선한 맛을 계속해서 보여준다. 살짝 달면서도 상큼한, 기분 좋은 로제와인으로, 초보자용으로 특히 좋다."
아레산 샤도네이,Chardonnay,"향: 신선한 첫맛이 인상적이며, 패션프룻 등의 화사한 열대과일향과 흰꽃향이 매력적으로 퍼진다.  맛: 과일향의 복합미가 돋보이며, 열대과일향이 선명하고 풍부하면서도 깔끔한 느낌이 아주 좋은 와인이다. 상큼하고 깨끗한 느낌의 뒷맛이 이어지며, 적절한 알코올의 느낌과 함께 꽤나 길게 이어지는 여운이 인상적이다."
비사르 뗌쁘라니요,Tempranillo,"향: 라즈베리와 블랙베리의 상큼하고 풍부한 향이 신선하게 퍼지며, 향 전체가 과일의 생동감을 잘 전달한다. 맛: 신선한 첫맛이 입안을 기분 좋게 감싸며, 약간의 탄산 느낌이 상쾌함을 더한다. 양조된 지 오래되지 않아 신선함이 살아 있으며, 살짝 쌉싸름한 탄닌이 맛에 깊이를 더한다. 충분한 가성비를 제공하는 레드 와인으로, 전체적으로 신선하고 매력적인 맛을 경험할 수 있다."
